PRAGMA foreign_keys=OFF;
BEGIN TRANSACTION;
CREATE TABLE IF NOT EXISTS "migrations" ("id" integer primary key autoincrement not null, "migration" varchar not null, "batch" integer not null);
INSERT INTO migrations VALUES(1,'0001_01_01_000000_create_users_table',1);
INSERT INTO migrations VALUES(2,'0001_01_01_000001_create_cache_table',1);
INSERT INTO migrations VALUES(3,'0001_01_01_000002_create_jobs_table',1);
INSERT INTO migrations VALUES(4,'2026_05_28_233806_create_permission_tables',1);
INSERT INTO migrations VALUES(5,'2026_05_29_000001_create_team_invitations_table',1);
INSERT INTO migrations VALUES(6,'2026_05_29_000002_create_notifications_table',1);
INSERT INTO migrations VALUES(7,'2026_05_29_000003_create_ai_usage_logs_table',1);
INSERT INTO migrations VALUES(8,'2026_05_29_000004_create_integration_credentials_table',1);
INSERT INTO migrations VALUES(9,'2026_05_29_004310_create_contacts_table',1);
INSERT INTO migrations VALUES(10,'2026_05_29_004311_create_contact_activities_table',1);
INSERT INTO migrations VALUES(11,'2026_05_29_004312_create_lead_sources_table',1);
INSERT INTO migrations VALUES(12,'2026_05_29_004312_create_properties_table',1);
INSERT INTO migrations VALUES(13,'2026_05_29_004313_create_listings_table',1);
INSERT INTO migrations VALUES(14,'2026_05_29_004314_create_listing_media_table',1);
INSERT INTO migrations VALUES(15,'2026_05_29_004315_create_portals_table',1);
INSERT INTO migrations VALUES(16,'2026_05_29_004316_create_listing_portal_syncs_table',1);
INSERT INTO migrations VALUES(17,'2026_05_29_010500_create_chat_sessions_table',1);
INSERT INTO migrations VALUES(18,'2026_05_29_010501_create_chat_messages_table',1);
INSERT INTO migrations VALUES(19,'2026_05_29_010502_create_daily_briefs_table',1);
INSERT INTO migrations VALUES(20,'2026_05_29_021100_create_pipeline_stages_table',1);
INSERT INTO migrations VALUES(21,'2026_05_29_021101_create_deals_table',1);
INSERT INTO migrations VALUES(22,'2026_05_29_021800_create_campaigns_table',1);
INSERT INTO migrations VALUES(23,'2026_05_29_021801_create_campaign_contents_table',1);
INSERT INTO migrations VALUES(24,'2026_05_29_022100_create_viewings_table',1);
INSERT INTO migrations VALUES(25,'2026_05_29_022200_add_deal_id_to_contact_activities_table',1);
INSERT INTO migrations VALUES(26,'2026_05_29_022300_create_stage_checklist_items_table',1);
INSERT INTO migrations VALUES(27,'2026_05_29_022400_create_follow_up_sequences_table',1);
INSERT INTO migrations VALUES(28,'2026_05_29_022500_create_viewing_feedbacks_table',1);
INSERT INTO migrations VALUES(29,'2026_05_29_030000_create_transactions_table',1);
INSERT INTO migrations VALUES(30,'2026_05_29_030001_create_compliance_documents_table',1);
INSERT INTO migrations VALUES(31,'2026_05_29_030002_create_commissions_table',1);
INSERT INTO migrations VALUES(32,'2026_05_29_040000_create_training_modules_table',1);
INSERT INTO migrations VALUES(33,'2026_05_29_040001_create_whatsapp_tables',1);
INSERT INTO migrations VALUES(34,'2026_05_29_040002_create_meta_ads_tables',1);
INSERT INTO migrations VALUES(35,'2026_05_29_050000_create_open_houses_table',1);
INSERT INTO migrations VALUES(36,'2026_05_29_050001_add_reminder_flags_to_viewings_table',1);
INSERT INTO migrations VALUES(37,'2026_05_29_050002_add_seller_email_to_listings_table',1);
INSERT INTO migrations VALUES(38,'2026_05_29_060000_add_feature_columns',1);
INSERT INTO migrations VALUES(39,'2026_05_29_070000_create_listing_graphics_table',1);
INSERT INTO migrations VALUES(40,'2026_05_30_000001_create_offers_table',1);
INSERT INTO migrations VALUES(41,'2026_05_30_000002_create_contracts_table',1);
INSERT INTO migrations VALUES(42,'2026_05_30_000003_create_tasks_table',1);
INSERT INTO migrations VALUES(43,'2026_05_30_000004_create_tenants_table',1);
INSERT INTO migrations VALUES(44,'2026_05_30_000005_create_leases_table',1);
INSERT INTO migrations VALUES(45,'2026_05_30_000006_create_rent_payments_table',1);
INSERT INTO migrations VALUES(46,'2026_05_30_000007_create_inspections_table',1);
INSERT INTO migrations VALUES(47,'2026_05_30_000008_create_email_templates_table',1);
INSERT INTO migrations VALUES(48,'2026_05_30_000009_create_sms_messages_table',1);
INSERT INTO migrations VALUES(49,'2026_05_30_000010_create_lead_routing_rules_table',1);
INSERT INTO migrations VALUES(50,'2026_05_30_000011_create_commission_split_configs_table',1);
INSERT INTO migrations VALUES(51,'2026_05_30_000012_create_cma_reports_table',1);
INSERT INTO migrations VALUES(52,'2026_05_31_204723_create_agent_numbers_table',1);
INSERT INTO migrations VALUES(53,'2026_05_31_204724_create_agent_devices_table',1);
INSERT INTO migrations VALUES(54,'2026_05_31_204725_create_calls_table',1);
INSERT INTO migrations VALUES(55,'2026_05_31_204726_create_call_summaries_table',1);
INSERT INTO migrations VALUES(56,'2026_05_31_204726_create_call_transcripts_table',1);
INSERT INTO migrations VALUES(57,'2026_05_31_210919_add_source_to_tasks_table',1);
INSERT INTO migrations VALUES(58,'2026_05_31_210920_add_mobile_fields_to_viewings_table',1);
INSERT INTO migrations VALUES(59,'2026_05_31_212104_add_coaching_fields_to_calls_table',1);
INSERT INTO migrations VALUES(60,'2026_05_31_213234_add_language_to_agent_numbers_table',1);
INSERT INTO migrations VALUES(61,'2026_06_01_000001_add_reminder_flags_to_leases_table',1);
INSERT INTO migrations VALUES(62,'2026_06_01_000002_add_portal_token_to_tenants_table',1);
INSERT INTO migrations VALUES(63,'2026_06_01_000003_add_deposit_tracking_to_leases_table',1);
INSERT INTO migrations VALUES(64,'2026_06_01_000004_create_maintenance_requests_table',1);
INSERT INTO migrations VALUES(65,'2026_06_01_000005_add_features_to_listings_table',1);
INSERT INTO migrations VALUES(66,'2026_06_01_100001_create_invoices_table',1);
INSERT INTO migrations VALUES(67,'2026_06_01_100002_create_invoice_line_items_table',1);
INSERT INTO migrations VALUES(68,'2026_06_01_100003_create_expenses_table',1);
INSERT INTO migrations VALUES(69,'2026_06_01_100004_create_budgets_table',1);
INSERT INTO migrations VALUES(70,'2026_06_01_100005_create_tax_configs_table',1);
INSERT INTO migrations VALUES(71,'2026_06_01_100006_create_payment_mandates_table',1);
INSERT INTO migrations VALUES(72,'2026_06_01_200001_extend_compliance_documents_table',1);
INSERT INTO migrations VALUES(73,'2026_06_01_200002_create_compliance_reminders_table',1);
INSERT INTO migrations VALUES(74,'2026_06_01_200003_add_dashboard_widgets_to_users_table',1);
INSERT INTO migrations VALUES(75,'2026_06_02_000001_create_api_keys_table',1);
INSERT INTO migrations VALUES(76,'2026_06_02_000002_create_webhook_subscriptions_table',1);
INSERT INTO migrations VALUES(77,'2026_06_02_000003_add_branding_fields_to_agencies_table',1);
INSERT INTO migrations VALUES(78,'2026_06_05_000001_add_use_platform_branding_to_agencies_table',1);
INSERT INTO migrations VALUES(79,'2026_06_05_100001_create_email_accounts_table',1);
INSERT INTO migrations VALUES(80,'2026_06_05_100002_create_email_threads_table',1);
INSERT INTO migrations VALUES(81,'2026_06_05_100003_extend_email_logs_table',1);
INSERT INTO migrations VALUES(82,'2026_06_06_100001_add_goals_coaching_to_daily_briefs',1);
INSERT INTO migrations VALUES(83,'2026_06_08_051105_add_pricing_and_paystack_to_agencies_table',1);
INSERT INTO migrations VALUES(84,'2026_06_10_000001_add_reminder_0d_sent_to_leases_table',1);
INSERT INTO migrations VALUES(85,'2026_06_10_000003_add_nigerian_lease_fields',1);
INSERT INTO migrations VALUES(86,'2026_06_11_021848_create_paystack_transactions_table',1);
INSERT INTO migrations VALUES(87,'2026_06_12_181007_create_personal_access_tokens_table',1);
INSERT INTO migrations VALUES(88,'2026_06_13_000001_add_byon_fields_to_agent_numbers_table',1);
INSERT INTO migrations VALUES(89,'2026_06_13_000002_add_livekit_fields',1);
INSERT INTO migrations VALUES(90,'2026_06_21_231002_create_quit_notices_table',2);
CREATE TABLE IF NOT EXISTS "agencies" ("id" integer primary key autoincrement not null, "name" varchar not null, "slug" varchar not null, "custom_domain" varchar, "logo_path" varchar, "primary_color" varchar not null default '#10B981', "secondary_color" varchar not null default '#18181B', "accent_color" varchar not null default '#F59E0B', "tagline" varchar, "address" text, "phone" varchar, "email" varchar not null, "website" varchar, "timezone" varchar not null default 'UTC', "currency" varchar not null default 'USD', "country_code" varchar not null default 'US', "subscription_plan" varchar not null default 'starter', "subscription_status" varchar not null default 'trialing', "settings" text, "created_at" datetime, "updated_at" datetime, "commission_splits" text, "default_commission_rate" numeric not null default '5', "favicon_path" varchar, "font_family" varchar, "border_radius" varchar not null default 'default', "sidebar_style" varchar not null default 'dark', "custom_css" text, "use_platform_branding" tinyint(1) not null default '0', "ai_credits_balance" integer not null default '200', "ai_credits_allocated_monthly" integer not null default '200', "billing_cycle" varchar not null default 'monthly', "paystack_customer_code" varchar, "paystack_subscription_code" varchar);
INSERT INTO agencies VALUES(1,'Demo Agency','demo',NULL,NULL,'#10B981','#18181B','#F59E0B','Redefining real estate in West Africa.',NULL,NULL,'demo@villacrm.app',NULL,'Africa/Lagos','NGN','NG','pro','active','{"notification_templates":{"lease_created":{"enabled":true,"title":"New Lease Created \u2014 {reference}","body":"Lease {reference} for {tenant_name} at {address} has been recorded. Review the lease details and set a reminder for upcoming milestones."},"lease_expiry_reminder":{"enabled":true,"title":"Lease {reference} Expires in {days} Day(s)","body":"Lease {reference} at {address} is due to expire on {end_date}. Contact the tenant now to discuss renewal or vacation plans."},"lease_terminated":{"enabled":true,"title":"Lease Terminated \u2014 {reference}","body":"Lease {reference} for {tenant_name} at {address} has been terminated. Update the property''s availability status and arrange a final inspection."},"lease_renewed":{"enabled":true,"title":"Lease Renewed \u2014 {reference}","body":"Lease {reference} at {address} has been successfully renewed. Review the updated terms and ensure the new end date is captured."},"renewal_offer_sent":{"enabled":true,"title":"Renewal Offer Sent \u2014 {reference}","body":"A lease renewal offer for {reference} at {address} has been dispatched to the tenant. Follow up if no response is received within 7 days."},"mandate_expiry":{"enabled":true,"title":"Mandate Expiring \u2014 {address}","body":"The mandate for {address} expires on {expiry_date}. Contact the owner promptly to discuss renewal or re-listing terms."},"rent_overdue":{"enabled":true,"title":"Rent Overdue \u2014 {address}","body":"{tenant_name} at {address} has an outstanding rent of {amount}, now {days_overdue} day(s) overdue. Send a reminder and log any communication."},"rent:26:25','tings."}}}2026-06-2','0 01:26:002026-06-2',NULL,48,NULL,' 01:2','6:26Ge','istd',NULL,0,25958,24949,'ltdark',NULL,NULL);
INSERT INTO agencies VALUES(2,'Apex Realty Group','apex-realty',NULL,NULL,'#7C3AED','#18181B','#F97316','Where vision meets value in Southern Africa.','14 Buitenkant Street, Gardens, Cape Town, 8001','+27 21 555 0100','info@apexrealty.co.za','https://apexrealty.co.za','Africa/Johannesburg','ZAR','ZA','enterprise','active','{"notification_templates":{"lease_created":{"enabled":true,"title":"New Lease Created \u2014 {reference}","body":"Lease {reference} for {tenant_name} at {address} has been recorded. Review the lease details and set a reminder for upcoming milestones."},"lease_expiry_reminder":{"enabled":true,"title":"Lease {reference} Expires in {days} Day(s)","body":"Lease {reference} at {address} is due to expire on {end_date}. Contact the tenant now to discuss renewal or vacation plans."},"lease_terminated":{"enabled":true,"title":"Lease Terminated \u2014 {reference}","body":"Lease {reference} for {tenant_name} at {address} has been terminated. Update the property''s availability status and arrange a final inspection."},"lease_renewed":{"enabled":true,"title":"Lease Renewed \u2014 {reference}","body":"Lease {reference} at {address} has been successfully renewed. Review the updated terms and ensure the new end date is captured."},"renewal_offer_sent":{"enabled":true,"title":"Renewal Offer Sent \u2014 {reference}","body":"A lease renewal offer for {reference} at {address} has been dispatched to the tenant. Follow up if no response is received within 7 days."},"mandate_expiry":{"enabled":true,"title":"Mandate Expiring \u2014 {address}","body":"The mandate for {address} expires on {expiry_date}. Contact the owner promptly to discuss renewal or re-listing terms."},"rent_overdue":{"enabled":true,"title":"Rent Overdue \u2014 {address}","body":"{tenant_name} at {address} has an outstanding rent of {amount}, now {days_overdue} day(s) overdue. Send a reminder and log any communication."},"rent_received":{"enabled":true,"title":"Rent Received \u2014 {reference}","body":"Payment of {aonthly','tings."}}}2026-06-2','0 01:26:072026-06-2','0 01:26:26{"agent":55,"principal":35,"ref',101,NULL,'rral":1','0}Popp','insro','undedbrand.selection\:text-brand-primary { colo',0,29242,8227,'fff; }',NULL,NULL);
INSERT INTO agencies VALUES(3,'Emerald Palms Estate','emerald-palms-estate',NULL,NULL,'#10B981','#18181B','#F59E0B',NULL,NULL,NULL,'agent@emeraldpalms.com',NULL,'UTC','USD','NG','enterprise','trialing','{"size":"1-5"}','2026-06-20 01:30:31','2026-06-20 01:30:31',NULL,5,NULL,NULL,'default','dark',NULL,0,-1,-1,'monthly',NULL,NULL);
CREATE TABLE IF NOT EXISTS "users" ("id" integer primary key autoincrement not null, "agency_id" integer not null, "first_name" varchar not null, "last_name" varchar not null, "email" varchar not null, "phone" varchar, "password" varchar not null, "avatar_path" varchar, "job_title" varchar, "bio" text, "status" varchar not null default 'invited', "email_verified_at" datetime, "two_factor_enabled" tinyint(1) not null default '0', "two_factor_secret" text, "notification_preferences" text, "last_login_at" datetime, "last_active_at" datetime, "remember_token" varchar, "created_at" datetime, "updated_at" datetime, "dashboard_widgets" text, foreign key("agency_id") references "agencies"("id") on delete cascade);
INSERT INTO users VALUES(1,1,'Demo','Principal','principal@villacrm.app',NULL,'$2y$12$OMWu43UFhpl10ySPE0MPQ./BtKrjUkLvjMQifXzBY/h6rCdjJd6ny',NULL,'Principal Partner',NULL,'active','2026-06-20 01:26:00',0,NULL,NULL,'2026-06-21 23:33:17','2026-06-21 23:33:17',NULL,'2026-06-20 01:26:00','2026-06-21 23:33:17',NULL);
INSERT INTO users VALUES(2,1,'Demo','Agent','agent@villacrm.app',NULL,'$2y$12$IexEurw2bAGxvLNh99xv6.dop7Lbk3PwmrdZJrNbi9m8iCggqSd7.',NULL,'Sales Agent',NULL,'active','2026-06-20 01:26:01',0,NULL,NULL,NULL,NULL,NULL,'2026-06-20 01:26:01','2026-06-20 01:26:01',NULL);
INSERT INTO users VALUES(3,2,'Thandi','Mokoena','principal@apex.villacrm.app',NULL,'$2y$12$gyBXk3JainF.3MgrGOBQiuh68ZDIYXnMMjqmm/DI6eiRCr3fIrd1a',NULL,'Managing Director',NULL,'active','2026-06-20 01:26:08',0,NULL,NULL,NULL,NULL,NULL,'2026-06-20 01:26:08','2026-06-20 01:26:08',NULL);
INSERT INTO users VALUES(4,2,'Ruan','van der Berg','agent1@apex.villacrm.app',NULL,'$2y$12$QYth9L1exChKmUMDalU7Nu8UR3qoOBrdvDi5.Kc2lSPtdIdx6D38i',NULL,'Senior Sales Agent',NULL,'active','2026-06-20 01:26:08',0,NULL,NULL,NULL,NULL,NULL,'2026-06-20 01:26:08','2026-06-20 01:26:08',NULL);
INSERT INTO users VALUES(5,2,'Lerato','Dlamini','agent2@apex.villacrm.app',NULL,'$2y$12$/nhhvmRw1dGIRYOT2xDyq.2Z0xktTPZrFgIE3xac6foFdMt7xizEO',NULL,'Rental Specialist',NULL,'active','2026-06-20 01:26:09',0,NULL,NULL,NULL,NULL,NULL,'2026-06-20 01:26:09','2026-06-20 01:26:09',NULL);
INSERT INTO users VALUES(6,3,'Emerald','Agent','agent@emeraldpalms.com','+234 803 123 4567','$2y$12$30t103JeddREJ.H/9wGzoerh3mHK.L4DLiVgIl4sH6t/9iXWwfnp.',NULL,'principal',NULL,'active','2026-06-20 01:33:52',0,NULL,NULL,NULL,NULL,NULL,'2026-06-20 01:30:32','2026-06-20 01:33:52',NULL);
CREATE TABLE IF NOT EXISTS "password_reset_tokens" ("email" varchar not null, "token" varchar not null, "created_at" datetime, primary key ("email"));
CREATE TABLE IF NOT EXISTS "sessions" ("id" varchar not null, "user_id" integer, "ip_address" varchar, "user_agent" text, "payload" text not null, "last_activity" integer not null, primary key ("id"));
INSERT INTO sessions VALUES('E7CeAjEtMkUPZnalUT1LUbHIkZUPDEPFezPV6PSl',NULL,'127.0.0.1','Mozilla/5.0 (Windows NT 10.0; Win64; x64) AppleWebKit/537.36 (KHTML, like Gecko) Chrome/149.0.0.0 Safari/537.36','eyJfdG9rZW4iOiI3dW9vUkpOMUJodXphd3QyRXFtSUtzRDBzd2ZablRLbkNEc0dlUXNCIiwiX2ZsYXNoIjp7Im9sZCI6W10sIm5ldyI6W119LCJ1cmwiOnsiaW50ZW5kZWQiOiJodHRwOlwvXC9wcm9wb3MudGVzdFwvc2V0dGluZ3MifSwiX3ByZXZpb3VzIjp7InVybCI6Imh0dHA6XC9cL3Byb3Bvcy50ZXN0XC9yZWdpc3RlciIsInJvdXRlIjoicmVnaXN0ZXIifX0=',1781920844);
INSERT INTO sessions VALUES('yTyNraOIY3Ko78iKJF6x22laQWenAi7Q1akcxIdy',6,'127.0.0.1','Mozilla/5.0 (Windows NT 10.0; Win64; x64) AppleWebKit/537.36 (KHTML, like Gecko) Chrome/149.0.0.0 Safari/537.36','eyJfdG9rZW4iOiI4UTd4dXpaUFJ1QmRuRk1nNEJwREY1R3VJQzVzYm5jZUN3UUVHcHR6IiwidXJsIjp7ImludGVuZGVkIjoiaHR0cDpcL1wvMTI3LjAuMC4xOjgwODlcL2Rhc2hib2FyZCJ9LCJfZmxhc2giOnsib2xkIjpbXSwibmV3IjpbXX0sIl9wcmV2aW91cyI6eyJ1cmwiOiJodHRwOlwvXC8xMjcuMC4wLjE6ODA4OVwvc2V0dGluZ3MiLCJyb3V0ZSI6InNldHRpbmdzLnByb2ZpbGUifSwibG9naW5fd2ViXzU5YmEzNmFkZGMyYjJmOTQwMTU4MGYwMTRjN2Y1OGVhNGUzMDk4OWQiOjZ9',1781925958);
INSERT INTO sessions VALUES('STc940L4H28bFoMPQ9Y53jKj7nq7sc1q1QWyHvhM',1,'127.0.0.1','Symfony','eyJfdG9rZW4iOiJSdmdnd29rYUJOTHBldzJMWHFtaEUzWWRESUZYT1dRdlU3N2hqbEhyIiwibG9naW5fd2ViXzU5YmEzNmFkZGMyYjJmOTQwMTU4MGYwMTRjN2Y1OGVhNGUzMDk4OWQiOjEsIl9mbGFzaCI6eyJvbGQiOltdLCJuZXciOltdfX0=',1781921412);
INSERT INTO sessions VALUES('ZGxg1vVcdQuNEBzBprqi7pxH2miJDwOcouTfPVEx',NULL,'127.0.0.1','Symfony','eyJfdG9rZW4iOiJocnZHUGlhb2pMcUhDYzlpQll4d1l2dDBUZ0VqWXFjbDNCYnNoU2RlIiwidXJsIjp7ImludGVuZGVkIjoiaHR0cDpcL1wvbG9jYWxob3N0XC9zZXR0aW5ncyJ9LCJfcHJldmlvdXMiOnsidXJsIjoiaHR0cDpcL1wvbG9jYWxob3N0XC9zZXR0aW5ncyIsInJvdXRlIjoic2V0dGluZ3MucHJvZmlsZSJ9LCJfZmxhc2giOnsib2xkIjpbXSwibmV3IjpbXX19',1781921422);
INSERT INTO sessions VALUES('IstlO56wgkZ22RzmVyoKix0wfpXC2XdJKoBxUcn5',NULL,'127.0.0.1','Symfony','eyJfdG9rZW4iOiJNcEtwTG03SWo5YWlkekFNMmJMQTlQY2l2TWMxWmExd0RFNkNodjF4IiwidXJsIjp7ImludGVuZGVkIjoiaHR0cDpcL1wvbG9jYWxob3N0XC9zZXR0aW5ncyJ9LCJfcHJldmlvdXMiOnsidXJsIjoiaHR0cDpcL1wvbG9jYWxob3N0XC9zZXR0aW5ncyIsInJvdXRlIjoic2V0dGluZ3MucHJvZmlsZSJ9LCJfZmxhc2giOnsib2xkIjpbXSwibmV3IjpbXX19',1781921742);
INSERT INTO sessions VALUES('7gK97qHYWwDFkIaOVZcxKkBg9Mo1lPZvGpFjeIJl',1,'127.0.0.1','Symfony','eyJfdG9rZW4iOiJlcDUxSE9GNkJxMHFpamh1ZldEdU13YnlJRzZRYWxDcWxRMVh4bmhHIiwibG9naW5fd2ViXzU5YmEzNmFkZGMyYjJmOTQwMTU4MGYwMTRjN2Y1OGVhNGUzMDk4OWQiOjEsIl9mbGFzaCI6eyJvbGQiOltdLCJuZXciOltdfX0=',1781921752);
INSERT INTO sessions VALUES('0DmcziDHNyIXnDFCoglHwsRkQNmzKQPuNAP2qDYi',NULL,'127.0.0.1','Mozilla/5.0 (Windows NT 10.0; Win64; x64) AppleWebKit/537.36 (KHTML, like Gecko) Chrome/149.0.0.0 Safari/537.36','eyJfdG9rZW4iOiJRa1QyS0JVZVc3cGRnYjM4cFA2YUx1dXpCM2lIaTdLd1JiQ0d0dXBJIiwiX3ByZXZpb3VzIjp7InVybCI6Imh0dHA6XC9cL3Byb3Bvcy50ZXN0XC9sb2dpbiIsInJvdXRlIjoibG9naW4ifSwiX2ZsYXNoIjp7Im9sZCI6W10sIm5ldyI6W119fQ==',1781939380);
INSERT INTO sessions VALUES('RKw1AlYAUDVFZ5HjTjuP3YSjrsIyxb8Nmqozkoxh',NULL,'127.0.0.1','Mozilla/5.0 (Windows NT 10.0; Win64; x64) AppleWebKit/537.36 (KHTML, like Gecko) Chrome/149.0.0.0 Safari/537.36','eyJfdG9rZW4iOiJ3VWxueExJS3FTVmJnZ3VTU3VmQ0JvODhaNmluekVjeVpWYzhMbzN0IiwidXJsIjp7ImludGVuZGVkIjoiaHR0cDpcL1wvMTI3LjAuMC4xOjgwODlcL3NldHRpbmdzIn0sIl9mbGFzaCI6eyJvbGQiOltdLCJuZXciOltdfSwiX3ByZXZpb3VzIjp7InVybCI6Imh0dHA6XC9cLzEyNy4wLjAuMTo4MDg5XC9sb2dpbiIsInJvdXRlIjoibG9naW4ifX0=',1781939554);
INSERT INTO sessions VALUES('UioWcddAyt2D3SzO67CZ7AyZPy2CEHRHkWQTnnNJ',1,'127.0.0.1','Mozilla/5.0 (Windows NT 10.0; Win64; x64) AppleWebKit/537.36 (KHTML, like Gecko) Chrome/149.0.0.0 Safari/537.36','eyJfdG9rZW4iOiJTUHo5dU9pZ0htWGFwUVQxYTdBeFBXSWlPRTVBWGVLM1Z3VzF5cGQwIiwiX3ByZXZpb3VzIjp7InVybCI6Imh0dHA6XC9cL3Byb3Bvcy50ZXN0XC9kYXNoYm9hcmQiLCJyb3V0ZSI6ImRhc2hib2FyZCJ9LCJfZmxhc2giOnsib2xkIjpbXSwibmV3IjpbXX0sImxvZ2luX3dlYl81OWJhMzZhZGRjMmIyZjk0MDE1ODBmMDE0YzdmNThlYTRlMzA5ODlkIjoxfQ==',1782084805);
CREATE TABLE IF NOT EXISTS "cache" ("key" varchar not null, "value" text not null, "expiration" integer not null, primary key ("key"));
INSERT INTO cache VALUES('villacrm-cache-spatie.permission.cache','a:3:{s:5:"alias";a:5:{s:1:"a";s:2:"id";s:1:"b";s:4:"name";s:1:"c";s:10:"guard_name";s:1:"r";s:5:"roles";s:1:"j";s:9:"agency_id";}s:11:"permissions";a:48:{i:0;a:4:{s:1:"a";i:1;s:1:"b";s:17:"listings.view_own";s:1:"c";s:3:"web";s:1:"r";a:3:{i:0;i:1;i:1;i:6;i:2;i:7;}}i:1;a:4:{s:1:"a";i:2;s:1:"b";s:18:"listings.view_team";s:1:"c";s:3:"web";s:1:"r";a:4:{i:0;i:2;i:1;i:3;i:2;i:6;i:3;i:7;}}i:2;a:4:{s:1:"a";i:3;s:1:"b";s:17:"listings.view_all";s:1:"c";s:3:"web";s:1:"r";a:4:{i:0;i:4;i:1;i:5;i:2;i:6;i:3;i:7;}}i:3;a:4:{s:1:"a";i:4;s:1:"b";s:15:"listings.create";s:1:"c";s:3:"web";s:1:"r";a:6:{i:0;i:1;i:1;i:2;i:2;i:3;i:3;i:5;i:4;i:6;i:5;i:7;}}i:4;a:4:{s:1:"a";i:5;s:1:"b";s:13:"listings.edit";s:1:"c";s:3:"web";s:1:"r";a:7:{i:0;i:1;i:1;i:2;i:2;i:3;i:3;i:4;i:4;i:5;i:5;i:6;i:6;i:7;}}i:5;a:4:{s:1:"a";i:6;s:1:"b";s:15:"listings.delete";s:1:"c";s:3:"web";s:1:"r";a:3:{i:0;i:3;i:1;i:6;i:2;i:7;}}i:6;a:4:{s:1:"a";i:7;s:1:"b";s:15:"listings.manage";s:1:"c";s:3:"web";s:1:"r";a:2:{i:0;i:6;i:1;i:7;}}i:7;a:4:{s:1:"a";i:8;s:1:"b";s:17:"contacts.view_own";s:1:"c";s:3:"web";s:1:"r";a:3:{i:0;i:1;i:1;i:6;i:2;i:7;}}i:8;a:4:{s:1:"a";i:9;s:1:"b";s:18:"contacts.view_team";s:1:"c";s:3:"web";s:1:"r";a:4:{i:0;i:2;i:1;i:3;i:2;i:6;i:3;i:7;}}i:9;a:4:{s:1:"a";i:10;s:1:"b";s:17:"contacts.view_all";s:1:"c";s:3:"web";s:1:"r";a:3:{i:0;i:5;i:1;i:6;i:2;i:7;}}i:10;a:4:{s:1:"a";i:11;s:1:"b";s:15:"contacts.create";s:1:"c";s:3:"web";s:1:"r";a:6:{i:0;i:1;i:1;i:2;i:2;i:3;i:3;i:5;i:4;i:6;i:5;i:7;}}i:11;a:4:{s:1:"a";i:12;s:1:"b";s:13:"contacts.edit";s:1:"c";s:3:"web";s:1:"r";a:6:{i:0;i:1;i:1;i:2;i:2;i:3;i:3;i:5;i:4;i:6;i:5;i:7;}}i:12;a:4:{s:1:"a";i:13;s:1:"b";s:15:"contacts.delete";s:1:"c";s:3:"web";s:1:"r";a:3:{i:0;i:3;i:1;i:6;i:2;i:7;}}i:13;a:4:{s:1:"a";i:14;s:1:"b";s:15:"contacts.manage";s:1:"c";s:3:"web";s:1:"r";a:2:{i:0;i:6;i:1;i:7;}}i:14;a:4:{s:1:"a";i:15;s:1:"b";s:17:"pipeline.view_own";s:1:"c";s:3:"web";s:1:"r";a:3:{i:0;i:1;i:1;i:6;i:2;i:7;}}i:15;a:4:{s:1:"a";i:16;s:1:"b";s:18:"pipeline.view_team";s:1:"c";s:3:"web";s:1:"r";a:4:{i:0;i:2;i:1;i:3;i:2;i:6;i:3;i:7;}}i:16;a:4:{s:1:"a";i:17;s:1:"b";s:17:"pip:06:29',975337317);
CREATE TABLE IF NOT EXISTS "cache_locks" ("key" varchar not null, "owner" varchar not null, "expiration" integer not null, primary key ("key"));
CREATE TABLE IF NOT EXISTS "jobs" ("id" integer primary key autoincrement not null, "queue" varchar not null, "payload" text not null, "attempts" integer not null, "reserved_at" integer, "available_at" integer not null, "created_at" integer not null);
CREATE TABLE IF NOT EXISTS "job_batches" ("id" varchar not null, "name" varchar not null, "total_jobs" integer not null, "pending_jobs" integer not null, "failed_jobs" integer not null, "failed_job_ids" text not null, "options" text, "cancelled_at" integer, "created_at" integer not null, "finished_at" integer, primary key ("id"));
CREATE TABLE IF NOT EXISTS "failed_jobs" ("id" integer primary key autoincrement not null, "uuid" varchar not null, "connection" varchar not null, "queue" varchar not null, "payload" text not null, "exception" text not null, "failed_at" datetime not null default CURRENT_TIMESTAMP);
CREATE TABLE IF NOT EXISTS "permissions" ("id" integer primary key autoincrement not null, "name" varchar not null, "guard_name" varchar not null, "created_at" datetime, "updated_at" datetime);
INSERT INTO permissions VALUES(1,'listings.view_own','web','2026-06-20 01:25:55','2026-06-20 01:25:55');
INSERT INTO permissions VALUES(2,'listings.view_team','web','2026-06-20 01:25:55','2026-06-20 01:25:55');
INSERT INTO permissions VALUES(3,'listings.view_all','web','2026-06-20 01:25:55','2026-06-20 01:25:55');
INSERT INTO permissions VALUES(4,'listings.create','web','2026-06-20 01:25:55','2026-06-20 01:25:55');
INSERT INTO permissions VALUES(5,'listings.edit','web','2026-06-20 01:25:55','2026-06-20 01:25:55');
INSERT INTO permissions VALUES(6,'listings.delete','web','2026-06-20 01:25:55','2026-06-20 01:25:55');
INSERT INTO permissions VALUES(7,'listings.manage','web','2026-06-20 01:25:55','2026-06-20 01:25:55');
INSERT INTO permissions VALUES(8,'contacts.view_own','web','2026-06-20 01:25:55','2026-06-20 01:25:55');
INSERT INTO permissions VALUES(9,'contacts.view_team','web','2026-06-20 01:25:55','2026-06-20 01:25:55');
INSERT INTO permissions VALUES(10,'contacts.view_all','web','2026-06-20 01:25:56','2026-06-20 01:25:56');
INSERT INTO permissions VALUES(11,'contacts.create','web','2026-06-20 01:25:56','2026-06-20 01:25:56');
INSERT INTO permissions VALUES(12,'contacts.edit','web','2026-06-20 01:25:56','2026-06-20 01:25:56');
INSERT INTO permissions VALUES(13,'contacts.delete','web','2026-06-20 01:25:56','2026-06-20 01:25:56');
INSERT INTO permissions VALUES(14,'contacts.manage','web','2026-06-20 01:25:56','2026-06-20 01:25:56');
INSERT INTO permissions VALUES(15,'pipeline.view_own','web','2026-06-20 01:25:56','2026-06-20 01:25:56');
INSERT INTO permissions VALUES(16,'pipeline.view_team','web','2026-06-20 01:25:56','2026-06-20 01:25:56');
INSERT INTO permissions VALUES(17,'pipeline.view_all','web','2026-06-20 01:25:56','2026-06-20 01:25:56');
INSERT INTO permissions VALUES(18,'pipeline.create','web','2026-06-20 01:25:56','2026-06-20 01:25:56');
INSERT INTO permissions VALUES(19,'pipeline.edit','web','2026-06-20 01:25:56','2026-06-20 01:25:56');
INSERT INTO permissions VALUES(20,'pipeline.delete','web','2026-06-20 01:25:56','2026-06-20 01:25:56');
INSERT INTO permissions VALUES(21,'pipeline.manage','web','2026-06-20 01:25:56','2026-06-20 01:25:56');
INSERT INTO permissions VALUES(22,'campaigns.view_own','web','2026-06-20 01:25:56','2026-06-20 01:25:56');
INSERT INTO permissions VALUES(23,'campaigns.view_team','web','2026-06-20 01:25:56','2026-06-20 01:25:56');
INSERT INTO permissions VALUES(24,'campaigns.view_all','web','2026-06-20 01:25:56','2026-06-20 01:25:56');
INSERT INTO permissions VALUES(25,'campaigns.create','web','2026-06-20 01:25:56','2026-06-20 01:25:56');
INSERT INTO permissions VALUES(26,'campaigns.edit','web','2026-06-20 01:25:56','2026-06-20 01:25:56');
INSERT INTO permissions VALUES(27,'campaigns.delete','web','2026-06-20 01:25:56','2026-06-20 01:25:56');
INSERT INTO permissions VALUES(28,'campaigns.manage','web','2026-06-20 01:25:56','2026-06-20 01:25:56');
INSERT INTO permissions VALUES(29,'transactions.view_own','web','2026-06-20 01:25:56','2026-06-20 01:25:56');
INSERT INTO permissions VALUES(30,'transactions.view_team','web','2026-06-20 01:25:56','2026-06-20 01:25:56');
INSERT INTO permissions VALUES(31,'transactions.view_all','web','2026-06-20 01:25:56','2026-06-20 01:25:56');
INSERT INTO permissions VALUES(32,'transactions.create','web','2026-06-20 01:25:56','2026-06-20 01:25:56');
INSERT INTO permissions VALUES(33,'transactions.edit','web','2026-06-20 01:25:56','2026-06-20 01:25:56');
INSERT INTO permissions VALUES(34,'transactions.delete','web','2026-06-20 01:25:56','2026-06-20 01:25:56');
INSERT INTO permissions VALUES(35,'transactions.manage','web','2026-06-20 01:25:56','2026-06-20 01:25:56');
INSERT INTO permissions VALUES(36,'commission.view_own','web','2026-06-20 01:25:56','2026-06-20 01:25:56');
INSERT INTO permissions VALUES(37,'commission.view_team','web','2026-06-20 01:25:56','2026-06-20 01:25:56');
INSERT INTO permissions VALUES(38,'commission.view_all','web','2026-06-20 01:25:56','2026-06-20 01:25:56');
INSERT INTO permissions VALUES(39,'commission.create','web','2026-06-20 01:25:56','2026-06-20 01:25:56');
INSERT INTO permissions VALUES(40,'commission.edit','web','2026-06-20 01:25:56','2026-06-20 01:25:56');
INSERT INTO permissions VALUES(41,'commission.delete','web','2026-06-20 01:25:56','2026-06-20 01:25:56');
INSERT INTO permissions VALUES(42,'commission.manage','web','2026-06-20 01:25:56','2026-06-20 01:25:56');
INSERT INTO permissions VALUES(43,'dashboard.view','web','2026-06-20 01:25:56','2026-06-20 01:25:56');
INSERT INTO permissions VALUES(44,'dashboard.manage','web','2026-06-20 01:25:56','2026-06-20 01:25:56');
INSERT INTO permissions VALUES(45,'training.view','web','2026-06-20 01:25:56','2026-06-20 01:25:56');
INSERT INTO permissions VALUES(46,'training.manage','web','2026-06-20 01:25:56','2026-06-20 01:25:56');
INSERT INTO permissions VALUES(47,'agency.view','web','2026-06-20 01:25:56','2026-06-20 01:25:56');
INSERT INTO permissions VALUES(48,'agency.manage','web','2026-06-20 01:25:56','2026-06-20 01:25:56');
CREATE TABLE IF NOT EXISTS "roles" ("id" integer primary key autoincrement not null, "agency_id" integer, "name" varchar not null, "guard_name" varchar not null, "created_at" datetime, "updated_at" datetime);
INSERT INTO roles VALUES(1,NULL,'agent','web','2026-06-20 01:25:56','2026-06-20 01:25:56');
INSERT INTO roles VALUES(2,NULL,'senior_agent','web','2026-06-20 01:25:56','2026-06-20 01:25:56');
INSERT INTO roles VALUES(3,NULL,'branch_manager','web','2026-06-20 01:25:57','2026-06-20 01:25:57');
INSERT INTO roles VALUES(4,NULL,'marketing_manager','web','2026-06-20 01:25:57','2026-06-20 01:25:57');
INSERT INTO roles VALUES(5,NULL,'admin','web','2026-06-20 01:25:57','2026-06-20 01:25:57');
INSERT INTO roles VALUES(6,NULL,'principal','web','2026-06-20 01:25:59','2026-06-20 01:25:59');
INSERT INTO roles VALUES(7,NULL,'super_admin','web','2026-06-20 01:25:59','2026-06-20 01:25:59');
CREATE TABLE IF NOT EXISTS "model_has_permissions" ("permission_id" integer not null, "model_type" varchar not null, "model_id" integer not null, "agency_id" integer not null, foreign key("permission_id") references "permissions"("id") on delete cascade, primary key ("agency_id", "permission_id", "model_id", "model_type"));
CREATE TABLE IF NOT EXISTS "model_has_roles" ("role_id" integer not null, "model_type" varchar not null, "model_id" integer not null, "agency_id" integer not null, foreign key("role_id") references "roles"("id") on delete cascade, primary key ("agency_id", "role_id", "model_id", "model_type"));
INSERT INTO model_has_roles VALUES(6,'App\Infrastructure\Persistence\Models\User',1,1);
INSERT INTO model_has_roles VALUES(1,'App\Infrastructure\Persistence\Models\User',2,1);
INSERT INTO model_has_roles VALUES(6,'App\Infrastructure\Persistence\Models\User',3,2);
INSERT INTO model_has_roles VALUES(1,'App\Infrastructure\Persistence\Models\User',4,2);
INSERT INTO model_has_roles VALUES(1,'App\Infrastructure\Persistence\Models\User',5,2);
INSERT INTO model_has_roles VALUES(6,'App\Infrastructure\Persistence\Models\User',6,3);
CREATE TABLE IF NOT EXISTS "role_has_permissions" ("permission_id" integer not null, "role_id" integer not null, foreign key("permission_id") references "permissions"("id") on delete cascade, foreign key("role_id") references "roles"("id") on delete cascade, primary key ("permission_id", "role_id"));
INSERT INTO role_has_permissions VALUES(1,1);
INSERT INTO role_has_permissions VALUES(4,1);
INSERT INTO role_has_permissions VALUES(5,1);
INSERT INTO role_has_permissions VALUES(8,1);
INSERT INTO role_has_permissions VALUES(11,1);
INSERT INTO role_has_permissions VALUES(12,1);
INSERT INTO role_has_permissions VALUES(15,1);
INSERT INTO role_has_permissions VALUES(18,1);
INSERT INTO role_has_permissions VALUES(19,1);
INSERT INTO role_has_permissions VALUES(43,1);
INSERT INTO role_has_permissions VALUES(45,1);
INSERT INTO role_has_permissions VALUES(2,2);
INSERT INTO role_has_permissions VALUES(4,2);
INSERT INTO role_has_permissions VALUES(5,2);
INSERT INTO role_has_permissions VALUES(9,2);
INSERT INTO role_has_permissions VALUES(11,2);
INSERT INTO role_has_permissions VALUES(12,2);
INSERT INTO role_has_permissions VALUES(16,2);
INSERT INTO role_has_permissions VALUES(18,2);
INSERT INTO role_has_permissions VALUES(19,2);
INSERT INTO role_has_permissions VALUES(43,2);
INSERT INTO role_has_permissions VALUES(45,2);
INSERT INTO role_has_permissions VALUES(2,3);
INSERT INTO role_has_permissions VALUES(4,3);
INSERT INTO role_has_permissions VALUES(5,3);
INSERT INTO role_has_permissions VALUES(6,3);
INSERT INTO role_has_permissions VALUES(9,3);
INSERT INTO role_has_permissions VALUES(11,3);
INSERT INTO role_has_permissions VALUES(12,3);
INSERT INTO role_has_permissions VALUES(13,3);
INSERT INTO role_has_permissions VALUES(16,3);
INSERT INTO role_has_permissions VALUES(18,3);
INSERT INTO role_has_permissions VALUES(19,3);
INSERT INTO role_has_permissions VALUES(20,3);
INSERT INTO role_has_permissions VALUES(43,3);
INSERT INTO role_has_permissions VALUES(45,3);
INSERT INTO role_has_permissions VALUES(3,4);
INSERT INTO role_has_permissions VALUES(5,4);
INSERT INTO role_has_permissions VALUES(24,4);
INSERT INTO role_has_permissions VALUES(25,4);
INSERT INTO role_has_permissions VALUES(26,4);
INSERT INTO role_has_permissions VALUES(27,4);
INSERT INTO role_has_permissions VALUES(28,4);
INSERT INTO role_has_permissions VALUES(43,4);
INSERT INTO role_has_permissions VALUES(3,5);
INSERT INTO role_has_permissions VALUES(4,5);
INSERT INTO role_has_permissions VALUES(5,5);
INSERT INTO role_has_permissions VALUES(10,5);
INSERT INTO role_has_permissions VALUES(11,5);
INSERT INTO role_has_permissions VALUES(12,5);
INSERT INTO role_has_permissions VALUES(17,5);
INSERT INTO role_has_permissions VALUES(18,5);
INSERT INTO role_has_permissions VALUES(19,5);
INSERT INTO role_has_permissions VALUES(31,5);
INSERT INTO role_has_permissions VALUES(32,5);
INSERT INTO role_has_permissions VALUES(33,5);
INSERT INTO role_has_permissions VALUES(35,5);
INSERT INTO role_has_permissions VALUES(43,5);
INSERT INTO role_has_permissions VALUES(44,5);
INSERT INTO role_has_permissions VALUES(1,6);
INSERT INTO role_has_permissions VALUES(2,6);
INSERT INTO role_has_permissions VALUES(3,6);
INSERT INTO role_has_permissions VALUES(4,6);
INSERT INTO role_has_permissions VALUES(5,6);
INSERT INTO role_has_permissions VALUES(6,6);
INSERT INTO role_has_permissions VALUES(7,6);
INSERT INTO role_has_permissions VALUES(8,6);
INSERT INTO role_has_permissions VALUES(9,6);
INSERT INTO role_has_permissions VALUES(10,6);
INSERT INTO role_has_permissions VALUES(11,6);
INSERT INTO role_has_permissions VALUES(12,6);
INSERT INTO role_has_permissions VALUES(13,6);
INSERT INTO role_has_permissions VALUES(14,6);
INSERT INTO role_has_permissions VALUES(15,6);
INSERT INTO role_has_permissions VALUES(16,6);
INSERT INTO role_has_permissions VALUES(17,6);
INSERT INTO role_has_permissions VALUES(18,6);
INSERT INTO role_has_permissions VALUES(19,6);
INSERT INTO role_has_permissions VALUES(20,6);
INSERT INTO role_has_permissions VALUES(21,6);
INSERT INTO role_has_permissions VALUES(22,6);
INSERT INTO role_has_permissions VALUES(23,6);
INSERT INTO role_has_permissions VALUES(24,6);
INSERT INTO role_has_permissions VALUES(25,6);
INSERT INTO role_has_permissions VALUES(26,6);
INSERT INTO role_has_permissions VALUES(27,6);
INSERT INTO role_has_permissions VALUES(28,6);
INSERT INTO role_has_permissions VALUES(29,6);
INSERT INTO role_has_permissions VALUES(30,6);
INSERT INTO role_has_permissions VALUES(31,6);
INSERT INTO role_has_permissions VALUES(32,6);
INSERT INTO role_has_permissions VALUES(33,6);
INSERT INTO role_has_permissions VALUES(34,6);
INSERT INTO role_has_permissions VALUES(35,6);
INSERT INTO role_has_permissions VALUES(36,6);
INSERT INTO role_has_permissions VALUES(37,6);
INSERT INTO role_has_permissions VALUES(38,6);
INSERT INTO role_has_permissions VALUES(39,6);
INSERT INTO role_has_permissions VALUES(40,6);
INSERT INTO role_has_permissions VALUES(41,6);
INSERT INTO role_has_permissions VALUES(42,6);
INSERT INTO role_has_permissions VALUES(43,6);
INSERT INTO role_has_permissions VALUES(44,6);
INSERT INTO role_has_permissions VALUES(45,6);
INSERT INTO role_has_permissions VALUES(46,6);
INSERT INTO role_has_permissions VALUES(47,6);
INSERT INTO role_has_permissions VALUES(48,6);
INSERT INTO role_has_permissions VALUES(1,7);
INSERT INTO role_has_permissions VALUES(2,7);
INSERT INTO role_has_permissions VALUES(3,7);
INSERT INTO role_has_permissions VALUES(4,7);
INSERT INTO role_has_permissions VALUES(5,7);
INSERT INTO role_has_permissions VALUES(6,7);
INSERT INTO role_has_permissions VALUES(7,7);
INSERT INTO role_has_permissions VALUES(8,7);
INSERT INTO role_has_permissions VALUES(9,7);
INSERT INTO role_has_permissions VALUES(10,7);
INSERT INTO role_has_permissions VALUES(11,7);
INSERT INTO role_has_permissions VALUES(12,7);
INSERT INTO role_has_permissions VALUES(13,7);
INSERT INTO role_has_permissions VALUES(14,7);
INSERT INTO role_has_permissions VALUES(15,7);
INSERT INTO role_has_permissions VALUES(16,7);
INSERT INTO role_has_permissions VALUES(17,7);
INSERT INTO role_has_permissions VALUES(18,7);
INSERT INTO role_has_permissions VALUES(19,7);
INSERT INTO role_has_permissions VALUES(20,7);
INSERT INTO role_has_permissions VALUES(21,7);
INSERT INTO role_has_permissions VALUES(22,7);
INSERT INTO role_has_permissions VALUES(23,7);
INSERT INTO role_has_permissions VALUES(24,7);
INSERT INTO role_has_permissions VALUES(25,7);
INSERT INTO role_has_permissions VALUES(26,7);
INSERT INTO role_has_permissions VALUES(27,7);
INSERT INTO role_has_permissions VALUES(28,7);
INSERT INTO role_has_permissions VALUES(29,7);
INSERT INTO role_has_permissions VALUES(30,7);
INSERT INTO role_has_permissions VALUES(31,7);
INSERT INTO role_has_permissions VALUES(32,7);
INSERT INTO role_has_permissions VALUES(33,7);
INSERT INTO role_has_permissions VALUES(34,7);
INSERT INTO role_has_permissions VALUES(35,7);
INSERT INTO role_has_permissions VALUES(36,7);
INSERT INTO role_has_permissions VALUES(37,7);
INSERT INTO role_has_permissions VALUES(38,7);
INSERT INTO role_has_permissions VALUES(39,7);
INSERT INTO role_has_permissions VALUES(40,7);
INSERT INTO role_has_permissions VALUES(41,7);
INSERT INTO role_has_permissions VALUES(42,7);
INSERT INTO role_has_permissions VALUES(43,7);
INSERT INTO role_has_permissions VALUES(44,7);
INSERT INTO role_has_permissions VALUES(45,7);
INSERT INTO role_has_permissions VALUES(46,7);
INSERT INTO role_has_permissions VALUES(47,7);
INSERT INTO role_has_permissions VALUES(48,7);
CREATE TABLE IF NOT EXISTS "team_invitations" ("id" integer primary key autoincrement not null, "agency_id" integer not null, "email" varchar not null, "role" varchar not null, "token" varchar not null, "invited_by" integer not null, "accepted_at" datetime, "created_at" datetime, "updated_at" datetime, foreign key("agency_id") references "agencies"("id") on delete cascade, foreign key("invited_by") references "users"("id") on delete cascade);
CREATE TABLE IF NOT EXISTS "notifications" ("id" integer primary key autoincrement not null, "agency_id" integer not null, "user_id" integer not null, "type" varchar not null, "title" varchar not null, "body" text not null, "action_url" varchar, "severity" varchar not null default 'info', "channels_dispatched" text, "read_at" datetime, "created_at" datetime, "updated_at" datetime, foreign key("agency_id") references "agencies"("id") on delete cascade, foreign key("user_id") references "users"("id") on delete cascade);
/****** CORRUPTION ERROR *******/
CREATE TABLE IF NOT EXISTS "ai_usage_logs" ("id" integer primary key autoincrement not null, "agency_id" integer not null, "user_id" integer not null, "feature" varchar not null, "provider" varchar not null, "model" varchar not null, "prompt_tokens" integer not null default '0', "completion_tokens" integer not null default '0', "total_tokens" integer not null default '0', "cost_estimate" numeric not null default '0', "duration_ms" integer not null default '0', "created_at" datetime not null default CURRENT_TIMESTAMP, foreign key("agency_id") references "agencies"("id") on delete cascade, foreign key("user_id") references "users"("id") on delete cascade);
CREATE TABLE IF NOT EXISTS "integration_credentials" ("id" integer primary key autoincrement not null, "agency_id" integer not null, "service" varchar not null, "credentials" text not null, "status" varchar not null default 'active', "last_used_at" datetime, "created_at" datetime, "updated_at" datetime, foreign key("agency_id") references "agencies"("id") on delete cascade);
CREATE TABLE IF NOT EXISTS "contacts" ("id" integer primary key autoincrement not null, "agency_id" integer not null, "assigned_agent_id" integer, "type" varchar check ("type" in ('buyer', 'seller', 'landlord', 'tenant', 'investor', 'referral_partner')) not null default 'buyer', "first_name" varchar not null, "last_name" varchar not null, "email" varchar, "phone" varchar, "secondary_phone" varchar, "company" varchar, "job_title" varchar, "source" varchar, "source_detail" varchar, "intent_score" integer not null default '0', "status" varchar check ("status" in ('new', 'active', 'qualified', 'nurturing', 'closed', 'archived')) not null default 'new', "preferences" text, "tags" text, "notes" text, "last_contacted_at" datetime, "deleted_at" datetime, "created_at" datetime, "updated_at" datetime, foreign key("agency_id") references "agencies"("id") on delete cascade, foreign key("assigned_agent_id") references "users"("id") on delete set null);
INSERT INTO contacts VALUES(1,1,2,'seller','Test','Contact 1','contact1@example.com','+2348000000001',NULL,NULL,NULL,NULL,NULL,24,'qualified',NULL,NULL,NULL,NULL,NULL,'2026-06-20 01:26:01','2026-06-20 01:26:01');
INSERT INTO contacts VALUES(2,1,1,'tenant','Test','Contact 2','contact2@example.com','+2348000000002',NULL,NULL,NULL,NULL,NULL,27,'qualified',NULL,NULL,NULL,NULL,NULL,'2026-06-20 01:26:01','2026-06-20 01:26:01');
INSERT INTO contacts VALUES(3,1,2,'tenant','Test','Contact 3','contact3@example.com','+2348000000003',NULL,NULL,NULL,NULL,NULL,80,'nurturing',NULL,NULL,NULL,NULL,NULL,'2026-06-20 01:26:01','2026-06-20 01:26:01');
INSERT INTO contacts VALUES(4,1,1,'tenant','Test','Contact 4','contact4@example.com','+2348000000004',NULL,NULL,NULL,NULL,NULL,43,'qualified',NULL,NULL,NULL,NULL,NULL,'2026-06-20 01:26:01','2026-06-20 01:26:01');
INSERT INTO contacts VALUES(5,1,2,'seller','Test','Contact 5','contact5@example.com','+2348000000005',NULL,NULL,NULL,NULL,NULL,58,'qualified',NULL,NULL,NULL,NULL,NULL,'2026-06-20 01:26:01','2026-06-20 01:26:01');
INSERT INTO contacts VALUES(6,1,1,'landlord','Test','Contact 6','contact6@example.com','+2348000000006',NULL,NULL,NULL,NULL,NULL,80,'closed',NULL,NULL,NULL,NULL,NULL,'2026-06-20 01:26:01','2026-06-20 01:26:01');
INSERT INTO contacts VALUES(7,1,2,'investor','Test','Contact 7','contact7@example.com','+2348000000007',NULL,NULL,NULL,NULL,NULL,32,'qualified',NULL,NULL,NULL,NULL,NULL,'2026-06-20 01:26:01','2026-06-20 01:26:01');
INSERT INTO contacts VALUES(8,1,1,'buyer','Test','Contact 8','contact8@example.com','+2348000000008',NULL,NULL,NULL,NULL,NULL,70,'nurturing',NULL,NULL,NULL,NULL,NULL,'2026-06-20 01:26:01','2026-06-20 01:26:01');
INSERT INTO contacts VALUES(9,1,2,'buyer','Test','Contact 9','contact9@example.com','+2348000000009',NULL,NULL,NULL,NULL,NULL,88,'nurturing',NULL,NULL,NULL,NULL,NULL,'2026-06-20 01:26:01','2026-06-20 01:26:01');
INSERT INTO contacts VALUES(10,1,1,'landlord','Test','Contact 10','contact10@example.com','+2348000000010',NULL,NULL,NULL,NULL,NULL,50,'closed',NULL,NULL,NULL,NULL,NULL,'2026-06-20 01:26:01','2026-06-20 01:26:01');
INSERT INTO contacts VALUES(11,1,2,'investor','Test','Contact 11','contact11@example.com','+2348000000011',NULL,NULL,NULL,NULL,NULL,63,'qualified',NULL,NULL,NULL,NULL,NULL,'2026-06-20 01:26:01','2026-06-20 01:26:01');
INSERT INTO contacts VALUES(12,1,1,'seller','Test','Contact 12','contact12@example.com','+2348000000012',NULL,NULL,NULL,NULL,NULL,94,'active',NULL,NULL,NULL,NULL,NULL,'2026-06-20 01:26:02','2026-06-20 01:26:02');
INSERT INTO contacts VALUES(13,1,2,'buyer','Test','Contact 13','contact13@example.com','+2348000000013',NULL,NULL,NULL,NULL,NULL,12,'active',NULL,NULL,NULL,NULL,NULL,'2026-06-20 01:26:02','2026-06-20 01:26:02');
INSERT INTO contacts VALUES(14,1,1,'investor','Test','Contact 14','contact14@example.com','+2348000000014',NULL,NULL,NULL,NULL,NULL,65,'nurturing',NULL,NULL,NULL,NULL,NULL,'2026-06-20 01:26:02','2026-06-20 01:26:02');
INSERT INTO contacts VALUES(15,1,2,'buyer','Test','Contact 15','contact15@example.com','+2348000000015',NULL,NULL,NULL,NULL,NULL,86,'qualified',NULL,NULL,NULL,NULL,NULL,'2026-06-20 01:26:02','2026-06-20 01:26:02');
INSERT INTO contacts VALUES(16,2,3,'buyer','James','Forsyth','james.forsyth@example.co.za','+27 82 297 8551',NULL,NULL,NULL,NULL,NULL,88,'qualified',NULL,NULL,'Based in Cape Town.',NULL,NULL,'2026-06-20 01:26:10','2026-06-20 01:26:10');
INSERT INTO contacts VALUES(17,2,4,'seller','Nadia','Adams','nadia.adams@example.co.za','+27 83 142 3556',NULL,NULL,NULL,NULL,NULL,72,'active',NULL,NULL,'Based in Cape Town.',NULL,NULL,'2026-06-20 01:26:10','2026-06-20 01:26:10');
INSERT INTO contacts VALUES(18,2,5,'investor','Sipho','Nkosi','sipho.nkosi@example.co.za','+27 88 137 6605',NULL,NULL,NULL,NULL,NULL,91,'active',NULL,NULL,'Based in Johannesburg.',NULL,NULL,'2026-06-20 01:26:10','2026-06-20 01:26:10');
INSERT INTO contacts VALUES(19,2,3,'buyer','Michelle','du Plessis','michelle.duplessis@example.co.za','+27 83 503 8059',NULL,NULL,NULL,NULL,NULL,55,'nurturing',NULL,NULL,'Based in Stellenbosch.',NULL,NULL,'2026-06-20 01:26:10','2026-06-20 01:26:10');
INSERT INTO contacts VALUES(20,2,4,'tenant','Andile','Cele','andile.cele@example.co.za','+27 87 863 6032',NULL,NULL,NULL,NULL,NULL,60,'active',NULL,NULL,'Based in Cape Town.',NULL,NULL,'2026-06-20 01:26:10','2026-06-20 01:26:10');
INSERT INTO contacts VALUES(21,2,5,'landlord','Carine','Joubert','carine.joubert@example.co.za','+27 86 196 5708',NULL,NULL,NULL,NULL,NULL,78,'active',NULL,NULL,'Based in Durban.',NULL,NULL,'2026-06-20 01:26:10','2026-06-20 01:26:10');
INSERT INTO contacts VALUES(22,2,3,'buyer','Michael','Okafor','michael.okafor@example.co.za','+27 89 309 1837',NULL,NULL,NULL,NULL,NULL,82,'qualified',NULL,NULL,'Based in Johannesburg.',NULL,NULL,'2026-06-20 01:26:10','2026-06-20 01:26:10');
INSERT INTO contacts VALUES(23,2,4,'seller','Priya','Pillay','priya.pillay@example.co.za','+27 81 898 4013',NULL,NULL,NULL,NULL,NULL,69,'active',NULL,NULL,'Based in Cape Town.',NULL,NULL,'2026-06-20 01:26:10','2026-06-20 01:26:10');
INSERT INTO contacts VALUES(24,2,5,'investor','Stefan','Botha','stefan.botha@example.co.za','+27 81 758 4680',NULL,NULL,NULL,NULL,NULL,94,'qualified',NULL,NULL,'Based in Pretoria.',NULL,NULL,'2026-06-20 01:26:10','2026-06-20 01:26:10');
INSERT INTO contacts VALUES(25,2,3,'buyer','Ayanda','Zulu','ayanda.zulu@example.co.za','+27 89 665 7391',NULL,NULL,NULL,NULL,NULL,38,'new',NULL,NULL,'Based in Cape Town.',NULL,NULL,'2026-06-20 01:26:10','2026-06-20 01:26:10');
INSERT INTO contacts VALUES(26,2,4,'tenant','Geraldine','Marx','geraldine.marx@example.co.za','+27 85 715 7909',NULL,NULL,NULL,NULL,NULL,47,'nurturing',NULL,NULL,'Based in Cape Town.',NULL,NULL,'2026-06-20 01:26:10','2026-06-20 01:26:10');
INSERT INTO contacts VALUES(27,2,5,'buyer','Brendan','Patel','brendan.patel@example.co.za','+27 82 415 2544',NULL,NULL,NULL,NULL,NULL,76,'active',NULL,NULL,'Based in Johannesburg.',NULL,NULL,'2026-06-20 01:26:10','2026-06-20 01:26:10');
INSERT INTO contacts VALUES(28,1,2,'tenant','Chukwuemeka','Okonkwo','c.okonkwo@tenant.demo','+2348031234501',NULL,NULL,NULL,NULL,NULL,0,'active',NULL,NULL,NULL,NULL,NULL,'2026-06-20 01:26:12','2026-06-20 01:26:12');
INSERT INTO contacts VALUES(29,1,1,'tenant','Ngozi','Adeyemi','n.adeyemi@tenant.demo','+2348031234502',NULL,NULL,NULL,NULL,NULL,0,'active',NULL,NULL,NULL,NULL,NULL,'2026-06-20 01:26:12','2026-06-20 01:26:12');
INSERT INTO contacts VALUES(30,1,2,'tenant','Tunde','Fashola','t.fashola@tenant.demo','+2348031234503',NULL,NULL,NULL,NULL,NULL,0,'active',NULL,NULL,NULL,NULL,NULL,'2026-06-20 01:26:12','2026-06-20 01:26:12');
INSERT INTO contacts VALUES(31,1,1,'tenant','Amina','Ibrahim','a.ibrahim@tenant.demo','+2348031234504',NULL,NULL,NULL,NULL,NULL,0,'active',NULL,NULL,NULL,NULL,NULL,'2026-06-20 01:26:12','2026-06-20 01:26:12');
INSERT INTO contacts VALUES(32,1,2,'tenant','Emeka','Eze','e.eze@tenant.demo','+2348031234505',NULL,NULL,NULL,NULL,NULL,0,'active',NULL,NULL,NULL,NULL,NULL,'2026-06-20 01:26:13','2026-06-20 01:26:13');
INSERT INTO contacts VALUES(33,1,1,'tenant','Fatima','Bello','f.bello@tenant.demo','+2348031234506',NULL,NULL,NULL,NULL,NULL,0,'active',NULL,NULL,NULL,NULL,NULL,'2026-06-20 01:26:13','2026-06-20 01:26:13');
CREATE TABLE IF NOT EXISTS "lead_sources" ("id" integer primary key autoincrement not null, "agency_id" integer not null, "name" varchar not null, "type" varchar check ("type" in ('portal', 'referral', 'walk_in', 'social_media', 'direct', 'campaign', 'other')) not null default 'other', "is_active" tinyint(1) not null default '1', "created_at" datetime, "updated_at" datetime, foreign key("agency_id") references "agencies"("id") on delete cascade);
CREATE TABLE IF NOT EXISTS "properties" ("id" integer primary key autoincrement not null, "agency_id" integer not null, "address_line_1" varchar not null, "address_line_2" varchar, "city" varchar not null, "state_province" varchar not null, "country" varchar not null, "postal_code" varchar, "latitude" numeric, "longitude" numeric, "property_type" varchar check ("property_type" in ('house', 'apartment', 'townhouse', 'penthouse', 'land', 'commercial', 'office', 'warehouse')) not null, "property_subtype" varchar, "bedrooms" integer, "bathrooms" integer, "parking_spaces" integer, "floor_area_sqm" numeric, "land_area_sqm" numeric, "year_built" integer, "condition" varchar check ("condition" in ('new', 'excellent', 'good', 'fair', 'needs_work')), "features" text, "description" text, "created_at" datetime, "updated_at" datetime, foreign key("agency_id") references "agencies"("id") on delete cascade);
INSERT INTO properties VALUES(1,1,'101 Premium Way, Victoria Island',NULL,'Lagos','Lagos','NG',NULL,NULL,NULL,'house',NULL,5,2,NULL,NULL,NULL,NULL,NULL,NULL,NULL,'2026-06-20 01:26:02','2026-06-20 01:26:02');
INSERT INTO properties VALUES(2,1,'202 Premium Way, Ikoyi',NULL,'Lagos','Lagos','NG',NULL,NULL,NULL,'apartment',NULL,2,2,NULL,NULL,NULL,NULL,NULL,NULL,NULL,'2026-06-20 01:26:02','2026-06-20 01:26:02');
INSERT INTO properties VALUES(3,1,'303 Premium Way, Abuja Central',NULL,'Abuja','FCT','NG',NULL,NULL,NULL,'land',NULL,5,3,NULL,NULL,NULL,NULL,NULL,NULL,NULL,'2026-06-20 01:26:02','2026-06-20 01:26:02');
INSERT INTO properties VALUES(4,1,'404 Premium Way, Ikoyi',NULL,'Lagos','Lagos','NG',NULL,NULL,NULL,'apartment',NULL,2,3,NULL,NULL,NULL,NULL,NULL,NULL,NULL,'2026-06-20 01:26:02','2026-06-20 01:26:02');
INSERT INTO properties VALUES(5,1,'505 Premium Way, Ikoyi',NULL,'Lagos','Lagos','NG',NULL,NULL,NULL,'land',NULL,4,4,NULL,NULL,NULL,NULL,NULL,NULL,NULL,'2026-06-20 01:26:02','2026-06-20 01:26:02');
INSERT INTO properties VALUES(6,1,'606 Premium Way, Ikoyi',NULL,'Lagos','Lagos','NG',NULL,NULL,NULL,'house',NULL,2,5,NULL,NULL,NULL,NULL,NULL,NULL,NULL,'2026-06-20 01:26:02','2026-06-20 01:26:02');
INSERT INTO properties VALUES(7,1,'707 Premium Way, Lekki Phase 1',NULL,'Lagos','Lagos','NG',NULL,NULL,NULL,'commercial',NULL,5,5,NULL,NULL,NULL,NULL,NULL,NULL,NULL,'2026-06-20 01:26:02','2026-06-20 01:26:02');
INSERT INTO properties VALUES(8,1,'808 Premium Way, Abuja Central',NULL,'Abuja','FCT','NG',NULL,NULL,NULL,'house',NULL,2,2,NULL,NULL,NULL,NULL,NULL,NULL,NULL,'2026-06-20 01:26:02','2026-06-20 01:26:02');
INSERT INTO properties VALUES(9,1,'909 Premium Way, Lekki Phase 1',NULL,'Lagos','Lagos','NG',NULL,NULL,NULL,'apartment',NULL,3,4,NULL,NULL,NULL,NULL,NULL,NULL,NULL,'2026-06-20 01:26:02','2026-06-20 01:26:02');
INSERT INTO properties VALUES(10,1,'10010 Premium Way, Lekki Phase 1',NULL,'Lagos','Lagos','NG',NULL,NULL,NULL,'house',NULL,4,5,NULL,NULL,NULL,NULL,NULL,NULL,NULL,'2026-06-20 01:26:02','2026-06-20 01:26:02');
INSERT INTO properties VALUES(11,2,'12 Kloof Street','Gardens','Cape Town','Western Cape','ZA',NULL,NULL,NULL,'apartment',NULL,2,1,NULL,NULL,NULL,NULL,NULL,NULL,NULL,'2026-06-20 01:26:10','2026-06-20 01:26:10');
INSERT INTO properties VALUES(12,2,'7 Signal Hill Road','Sea Point','Cape Town','Western Cape','ZA',NULL,NULL,NULL,'apartment',NULL,3,2,NULL,NULL,NULL,NULL,NULL,NULL,NULL,'2026-06-20 01:26:10','2026-06-20 01:26:10');
INSERT INTO properties VALUES(13,2,'34 Vineyard Crescent','Constantia','Cape Town','Western Cape','ZA',NULL,NULL,NULL,'house',NULL,5,4,NULL,NULL,NULL,NULL,NULL,NULL,NULL,'2026-06-20 01:26:10','2026-06-20 01:26:10');
INSERT INTO properties VALUES(14,2,'19 Blouberg Strand Ave','Bloubergstrand','Cape Town','Western Cape','ZA',NULL,NULL,NULL,'house',NULL,4,3,NULL,NULL,NULL,NULL,NULL,NULL,NULL,'2026-06-20 01:26:10','2026-06-20 01:26:10');
INSERT INTO properties VALUES(15,2,'88 Sandton Drive','Sandton','Johannesburg','Gauteng','ZA',NULL,NULL,NULL,'apartment',NULL,2,2,NULL,NULL,NULL,NULL,NULL,NULL,NULL,'2026-06-20 01:26:10','2026-06-20 01:26:10');
INSERT INTO properties VALUES(16,2,'5 Melrose Boulevard','Melrose','Johannesburg','Gauteng','ZA',NULL,NULL,NULL,'commercial',NULL,0,2,NULL,NULL,NULL,NULL,NULL,NULL,NULL,'2026-06-20 01:26:10','2026-06-20 01:26:10');
INSERT INTO properties VALUES(17,2,'101 Umhlanga Rocks Drive','Umhlanga','Durban','KwaZulu-Natal','ZA',NULL,NULL,NULL,'house',NULL,4,3,NULL,NULL,NULL,NULL,NULL,NULL,NULL,'2026-06-20 01:26:10','2026-06-20 01:26:10');
INSERT INTO properties VALUES(18,2,'3 Lanzerac Estate','Stellenbosch','Stellenbosch','Western Cape','ZA',NULL,NULL,NULL,'house',NULL,6,5,NULL,NULL,NULL,NULL,NULL,NULL,NULL,'2026-06-20 01:26:10','2026-06-20 01:26:10');
INSERT INTO properties VALUES(19,2,'22 De Waal Drive','Tamboerskloof','Cape Town','Western Cape','ZA',NULL,NULL,NULL,'apartment',NULL,1,1,NULL,NULL,NULL,NULL,NULL,NULL,NULL,'2026-06-20 01:26:10','2026-06-20 01:26:10');
INSERT INTO properties VALUES(20,2,'9 Parktown Road','Parktown','Johannesburg','Gauteng','ZA',NULL,NULL,NULL,'house',NULL,3,2,NULL,NULL,NULL,NULL,NULL,NULL,NULL,'2026-06-20 01:26:10','2026-06-20 01:26:10');
INSERT INTO properties VALUES(21,1,'14A Bourdillon Road, Ikoyi',NULL,'Lagos','Lagos','NG',NULL,NULL,NULL,'apartment',NULL,4,4,NULL,NULL,NULL,NULL,NULL,NULL,NULL,'2026-06-20 01:26:11','2026-06-20 01:26:11');
INSERT INTO properties VALUES(22,1,'7 Adeola Odeku Street, Victoria Island',NULL,'Lagos','Lagos','NG',NULL,NULL,NULL,'apartment',NULL,3,3,NULL,NULL,NULL,NULL,NULL,NULL,NULL,'2026-06-20 01:26:11','2026-06-20 01:26:11');
INSERT INTO properties VALUES(23,1,'22 Admiralty Way, Lekki Phase 1',NULL,'Lagos','Lagos','NG',NULL,NULL,NULL,'house',NULL,5,4,NULL,NULL,NULL,NULL,NULL,NULL,NULL,'2026-06-20 01:26:11','2026-06-20 01:26:11');
INSERT INTO properties VALUES(24,1,'3 Mambilla Street, Asokoro',NULL,'Abuja','FCT','NG',NULL,NULL,NULL,'house',NULL,4,3,NULL,NULL,NULL,NULL,NULL,NULL,NULL,'2026-06-20 01:26:11','2026-06-20 01:26:11');
INSERT INTO properties VALUES(25,1,'9 Kofo Abayomi Street, Victoria Island',NULL,'Lagos','Lagos','NG',NULL,NULL,NULL,'apartment',NULL,2,2,NULL,NULL,NULL,NULL,NULL,NULL,NULL,'2026-06-20 01:26:11','2026-06-20 01:26:11');
INSERT INTO properties VALUES(26,1,'45 Aso Drive, Maitama',NULL,'Abuja','FCT','NG',NULL,NULL,NULL,'house',NULL,5,5,NULL,NULL,NULL,NULL,NULL,NULL,NULL,'2026-06-20 01:26:11','2026-06-20 01:26:11');
CREATE TABLE IF NOT EXISTS "listings" ("id" integer primary key autoincrement not null, "agency_id" integer not null, "agent_id" integer not null, "property_id" integer not null, "mandate_type" varchar check ("mandate_type" in ('sole', 'open', 'rental')) not null, "status" varchar check ("status" in ('draft', 'active', 'under_offer', 'sold', 'let', 'withdrawn', 'expired')) not null default 'draft', "listing_price" numeric not null, "original_price" numeric, "commission_rate" numeric, "mandate_start_date" date not null, "mandate_end_date" date, "description_short" text, "description_standard" text, "description_long" text, "headline" varchar, "features_highlighted" text, "listing_url" varchar, "days_on_market" integer, "health_score" integer, "portal_ids" text, "seller_report_frequency" varchar check ("seller_report_frequency" in ('weekly', 'biweekly', 'monthly')), "published_at" datetime, "deleted_at" datetime, "created_at" datetime, "updated_at" datetime, "seller_email" varchar, "virtual_tour_url" varchar, "virtual_tour_type" varchar, "is_pocket" tinyint(1) not null default '0', "pocket_token" varchar, "mls_id" varchar, "mls_last_synced_at" datetime, foreign key("agency_id") references "agencies"("id") on delete cascade, foreign key("agent_id") references "users"("id") on delete cascade, foreign key("property_id") references "properties"("id") on delete cascade);
INSERT INTO listings VALUES(1,1,2,1,'open','draft',278900000,NULL,NULL,'2026-06-09 01:26:02',NULL,NULL,NULL,NULL,NULL,NULL,NULL,NULL,NULL,NULL,NULL,NULL,NULL,'2026-06-20 01:26:02','2026-06-20 01:26:02',NULL,NULL,NULL,0,NULL,NULL,NULL);
INSERT INTO listings VALUES(2,1,1,2,'rental','active',500000,NULL,NULL,'2026-05-23 01:26:02',NULL,NULL,NULL,NULL,NULL,NULL,NULL,NULL,NULL,NULL,NULL,NULL,NULL,'2026-06-20 01:26:02','2026-06-20 01:26:07',NULL,NULL,NULL,0,NULL,NULL,NULL);
INSERT INTO listings VALUES(3,1,2,3,'open','active',453800000,NULL,NULL,'2026-06-08 01:26:02',NULL,NULL,NULL,NULL,NULL,NULL,NULL,NULL,NULL,NULL,NULL,NULL,NULL,'2026-06-20 01:26:02','2026-06-20 01:26:02',NULL,NULL,NULL,0,NULL,NULL,NULL);
INSERT INTO listings VALUES(4,1,1,4,'open','active',251300000,NULL,NULL,'2026-05-24 01:26:02',NULL,NULL,NULL,NULL,NULL,NULL,NULL,NULL,NULL,NULL,NULL,NULL,NULL,'2026-06-20 01:26:02','2026-06-20 01:26:02',NULL,NULL,NULL,0,NULL,NULL,NULL);
INSERT INTO listings VALUES(5,1,2,5,'open','draft',221100000,NULL,NULL,'2026-05-27 01:26:02',NULL,NULL,NULL,NULL,NULL,NULL,NULL,NULL,NULL,NULL,NULL,NULL,NULL,'2026-06-20 01:26:02','2026-06-20 01:26:02',NULL,NULL,NULL,0,NULL,NULL,NULL);
INSERT INTO listings VALUES(6,1,1,6,'open','draft',159600000,NULL,NULL,'2026-05-29 01:26:02',NULL,NULL,NULL,NULL,NULL,NULL,NULL,NULL,NULL,NULL,NULL,NULL,NULL,'2026-06-20 01:26:02','2026-06-20 01:26:02',NULL,NULL,NULL,0,NULL,NULL,NULL);
INSERT INTO listings VALUES(7,1,2,7,'open','draft',357300000,NULL,NULL,'2026-06-04 01:26:02',NULL,NULL,NULL,NULL,NULL,NULL,NULL,NULL,NULL,NULL,NULL,NULL,NULL,'2026-06-20 01:26:02','2026-06-20 01:26:02',NULL,NULL,NULL,0,NULL,NULL,NULL);
INSERT INTO listings VALUES(8,1,1,8,'open','draft',283000000,NULL,NULL,'2026-05-27 01:26:02',NULL,NULL,NULL,NULL,NULL,NULL,NULL,NULL,NULL,NULL,NULL,NULL,NULL,'2026-06-20 01:26:02','2026-06-20 01:26:02',NULL,NULL,NULL,0,NULL,NULL,NULL);
INSERT INTO listings VALUES(9,1,2,9,'open','active',232600000,NULL,NULL,'2026-06-10 01:26:02',NULL,NULL,NULL,NULL,NULL,NULL,NULL,NULL,NULL,NULL,NULL,NULL,NULL,'2026-06-20 01:26:02','2026-06-20 01:26:02',NULL,NULL,NULL,0,NULL,NULL,NULL);
INSERT INTO listings VALUES(10,1,1,10,'open','active',397000000,NULL,NULL,'2026-05-30 01:26:02',NULL,NULL,NULL,NULL,NULL,NULL,NULL,NULL,NULL,NULL,NULL,NULL,NULL,'2026-06-20 01:26:02','2026-06-20 01:26:02',NULL,NULL,NULL,0,NULL,NULL,NULL);
INSERT INTO listings VALUES(11,2,3,11,'sole','active',2800000,NULL,NULL,'2026-05-31 01:26:10',NULL,NULL,NULL,NULL,NULL,NULL,NULL,NULL,NULL,NULL,NULL,NULL,NULL,'2026-06-20 01:26:10','2026-06-20 01:26:10',NULL,NULL,NULL,0,NULL,NULL,NULL);
INSERT INTO listings VALUES(12,2,4,12,'sole','active',4500000,NULL,NULL,'2026-05-06 01:26:10',NULL,NULL,NULL,NULL,NULL,NULL,NULL,NULL,NULL,NULL,NULL,NULL,NULL,'2026-06-20 01:26:10','2026-06-20 01:26:10',NULL,NULL,NULL,0,NULL,NULL,NULL);
INSERT INTO listings VALUES(13,2,5,13,'sole','active',14200000,NULL,NULL,'2026-05-11 01:26:10',NULL,NULL,NULL,NULL,NULL,NULL,NULL,NULL,NULL,NULL,NULL,NULL,NULL,'2026-06-20 01:26:10','2026-06-20 01:26:10',NULL,NULL,NULL,0,NULL,NULL,NULL);
INSERT INTO listings VALUES(14,2,3,14,'open','under_offer',7900000,NULL,NULL,'2026-05-10 01:26:10',NULL,NULL,NULL,NULL,NULL,NULL,NULL,NULL,NULL,NULL,NULL,NULL,NULL,'2026-06-20 01:26:10','2026-06-20 01:26:10',NULL,NULL,NULL,0,NULL,NULL,NULL);
INSERT INTO listings VALUES(15,2,4,15,'sole','active',3100000,NULL,NULL,'2026-05-14 01:26:10',NULL,NULL,NULL,NULL,NULL,NULL,NULL,NULL,NULL,NULL,NULL,NULL,NULL,'2026-06-20 01:26:10','2026-06-20 01:26:10',NULL,NULL,NULL,0,NULL,NULL,NULL);
INSERT INTO listings VALUES(16,2,5,16,'sole','active',22500000,NULL,NULL,'2026-05-06 01:26:10',NULL,NULL,NULL,NULL,NULL,NULL,NULL,NULL,NULL,NULL,NULL,NULL,NULL,'2026-06-20 01:26:10','2026-06-20 01:26:10',NULL,NULL,NULL,0,NULL,NULL,NULL);
INSERT INTO listings VALUES(17,2,3,17,'open','active',6300000,NULL,NULL,'2026-05-08 01:26:10',NULL,NULL,NULL,NULL,NULL,NULL,NULL,NULL,NULL,NULL,NULL,NULL,NULL,'2026-06-20 01:26:10','2026-06-20 01:26:10',NULL,NULL,NULL,0,NULL,NULL,NULL);
INSERT INTO listings VALUES(18,2,4,18,'sole','draft',18700000,NULL,NULL,'2026-04-21 01:26:10',NULL,NULL,NULL,NULL,NULL,NULL,NULL,NULL,NULL,NULL,NULL,NULL,NULL,'2026-06-20 01:26:10','2026-06-20 01:26:10',NULL,NULL,NULL,0,NULL,NULL,NULL);
INSERT INTO listings VALUES(19,2,5,19,'rental','active',1950000,NULL,NULL,'2026-05-06 01:26:10',NULL,NULL,NULL,NULL,NULL,NULL,NULL,NULL,NULL,NULL,NULL,NULL,NULL,'2026-06-20 01:26:10','2026-06-20 01:26:10',NULL,NULL,NULL,0,NULL,NULL,NULL);
INSERT INTO listings VALUES(20,2,3,20,'rental','active',4800000,NULL,NULL,'2026-06-03 01:26:10',NULL,NULL,NULL,NULL,NULL,NULL,NULL,NULL,NULL,NULL,NULL,NULL,NULL,'2026-06-20 01:26:10','2026-06-20 01:26:10',NULL,NULL,NULL,0,NULL,NULL,NULL);
INSERT INTO listings VALUES(21,1,2,21,'rental','active',1200000,NULL,NULL,'2025-10-20 01:26:11',NULL,NULL,NULL,NULL,NULL,NULL,NULL,NULL,NULL,NULL,NULL,NULL,NULL,'2026-06-20 01:26:11','2026-06-20 01:26:11',NULL,NULL,NULL,0,NULL,NULL,NULL);
INSERT INTO listings VALUES(22,1,1,22,'rental','active',850000,NULL,NULL,'2025-10-20 01:26:11',NULL,NULL,NULL,NULL,NULL,NULL,NULL,NULL,NULL,NULL,NULL,NULL,NULL,'2026-06-20 01:26:11','2026-06-20 01:26:11',NULL,NULL,NULL,0,NULL,NULL,NULL);
INSERT INTO listings VALUES(23,1,2,23,'rental','active',1500000,NULL,NULL,'2025-10-20 01:26:11',NULL,NULL,NULL,NULL,NULL,NULL,NULL,NULL,NULL,NULL,NULL,NULL,NULL,'2026-06-20 01:26:11','2026-06-20 01:26:11',NULL,NULL,NULL,0,NULL,NULL,NULL);
INSERT INTO listings VALUES(24,1,1,24,'rental','active',950000,NULL,NULL,'2025-10-20 01:26:11',NULL,NULL,NULL,NULL,NULL,NULL,NULL,NULL,NULL,NULL,NULL,NULL,NULL,'2026-06-20 01:26:11','2026-06-20 01:26:11',NULL,NULL,NULL,0,NULL,NULL,NULL);
INSERT INTO listings VALUES(25,1,2,25,'rental','active',450000,NULL,NULL,'2025-10-20 01:26:11',NULL,NULL,NULL,NULL,NULL,NULL,NULL,NULL,NULL,NULL,NULL,NULL,NULL,'2026-06-20 01:26:11','2026-06-20 01:26:11',NULL,NULL,NULL,0,NULL,NULL,NULL);
INSERT INTO listings VALUES(26,1,1,26,'rental','active',2000000,NULL,NULL,'2025-10-20 01:26:11',NULL,NULL,NULL,NULL,NULL,NULL,NULL,NULL,NULL,NULL,NULL,NULL,NULL,'2026-06-20 01:26:11','2026-06-20 01:26:11',NULL,NULL,NULL,0,NULL,NULL,NULL);
CREATE TABLE IF NOT EXISTS "listing_media" ("id" integer primary key autoincrement not null, "listing_id" integer not null, "agency_id" integer not null, "file_type" varchar check ("file_type" in ('image', 'video', 'document', 'floor_plan')) not null default 'image', "file_path" varchar not null, "file_name" varchar not null, "mime_type" varchar, "file_size" integer, "width" integer, "height" integer, "is_cover" tinyint(1) not null default '0', "order" integer not null default '0', "alt_text" varchar, "created_at" datetime, "updated_at" datetime, foreign key("listing_id") references "listings"("id") on delete cascade, foreign key("agency_id") references "agencies"("id") on delete cascade);
CREATE TABLE IF NOT EXISTS "portals" ("id" integer primary key autoincrement not null, "name" varchar not null, "code" varchar not null, "is_active" tinyint(1) not null default '1', "base_url" varchar, "logo_path" varchar, "created_at" datetime, "updated_at" datetime);
INSERT INTO portals VALUES(1,'Property24','property24',1,'https://www.property24.com',NULL,'2026-06-20 01:26:11','2026-06-20 01:26:11');
INSERT INTO portals VALUES(2,'PropertyPro','propertypro',1,'https://www.propertypro.ng',NULL,'2026-06-20 01:26:11','2026-06-20 01:26:11');
INSERT INTO portals VALUES(3,'Private Property','privateproperty',1,'https://www.privateproperty.co.za',NULL,'2026-06-20 01:26:11','2026-06-20 01:26:11');
CREATE TABLE IF NOT EXISTS "listing_portal_syncs" ("id" integer primary key autoincrement not null, "listing_id" integer not null, "agency_id" integer not null, "portal_id" integer not null, "status" varchar check ("status" in ('pending', 'syncing', 'synced', 'failed', 'unpublished')) not null default 'pending', "external_id" varchar, "last_synced_at" datetime, "sync_errors" text, "is_active" tinyint(1) not null default '1', "created_at" datetime, "updated_at" datetime, foreign key("listing_id") references "listings"("id") on delete cascade, foreign key("agency_id") references "agencies"("id") on delete cascade, foreign key("portal_id") references "portals"("id") on delete cascade);
CREATE TABLE IF NOT EXISTS "chat_sessions" ("id" integer primary key autoincrement not null, "agency_id" integer not null, "user_id" integer not null, "title" varchar, "status" varchar not null default 'active', "created_at" datetime, "updated_at" datetime, foreign key("agency_id") references "agencies"("id") on delete cascade, foreign key("user_id") references "users"("id") on delete cascade);
CREATE TABLE IF NOT EXISTS "chat_messages" ("id" integer primary key autoincrement not null, "chat_session_id" integer not null, "role" varchar check ("role" in ('user', 'assistant', 'system')) not null, "content" text, "tool_calls" text, "tool_results" text, "tokens_used" integer, "created_at" datetime, "updated_at" datetime, foreign key("chat_session_id") references "chat_sessions"("id") on delete cascade);
CREATE TABLE IF NOT EXISTS "daily_briefs" ("id" integer primary key autoincrement not null, "agency_id" integer not null, "user_id" integer not null, "date" date not null, "priority_actions" text, "deal_alerts" text, "viewing_schedule" text, "market_snapshot" text, "is_read" tinyint(1) not null default '0', "created_at" datetime, "updated_at" datetime, "coaching_tips" text, "goals" text, "ai_summary" text, "focus_score" integer, foreign key("agency_id") references "agencies"("id") on delete cascade, foreign key("user_id") references "users"("id") on delete cascade);
CREATE TABLE IF NOT EXISTS "pipeline_stages" ("id" integer primary key autoincrement not null, "agency_id" integer not null, "name" varchar not null, "pipeline_type" varchar check ("pipeline_type" in ('sale', 'rental')) not null default 'sale', "order" integer not null default '0', "is_default" tinyint(1) not null default '0', "is_won" tinyint(1) not null default '0', "is_lost" tinyint(1) not null default '0', "created_at" datetime, "updated_at" datetime, foreign key("agency_id") references "agencies"("id") on delete cascade);
INSERT INTO pipeline_stages VALUES(1,1,'Inquiry','sale',1,0,0,0,'2026-06-20 01:26:02','2026-06-20 01:26:02');
INSERT INTO pipeline_stages VALUES(2,1,'Qualified','sale',2,0,0,0,'2026-06-20 01:26:02','2026-06-20 01:26:02');
INSERT INTO pipeline_stages VALUES(3,1,'Viewing Scheduled','sale',3,0,0,0,'2026-06-20 01:26:02','2026-06-20 01:26:02');
INSERT INTO pipeline_stages VALUES(4,1,'Offer Made','sale',4,0,0,0,'2026-06-20 01:26:02','2026-06-20 01:26:02');
INSERT INTO pipeline_stages VALUES(5,1,'Under Negotiation','sale',5,0,0,0,'2026-06-20 01:26:02','2026-06-20 01:26:02');
INSERT INTO pipeline_stages VALUES(6,1,'Offer Accepted','sale',6,0,1,0,'2026-06-20 01:26:02','2026-06-20 01:26:02');
INSERT INTO pipeline_stages VALUES(7,1,'Lost','sale',7,0,0,1,'2026-06-20 01:26:02','2026-06-20 01:26:02');
INSERT INTO pipeline_stages VALUES(8,2,'New Inquiry','sale',1,0,0,0,'2026-06-20 01:26:10','2026-06-20 01:26:10');
INSERT INTO pipeline_stages VALUES(9,2,'Needs Analysis','sale',2,0,0,0,'2026-06-20 01:26:10','2026-06-20 01:26:10');
INSERT INTO pipeline_stages VALUES(10,2,'Property Matched','sale',3,0,0,0,'2026-06-20 01:26:10','2026-06-20 01:26:10');
INSERT INTO pipeline_stages VALUES(11,2,'Viewing Arranged','sale',4,0,0,0,'2026-06-20 01:26:10','2026-06-20 01:26:10');
INSERT INTO pipeline_stages VALUES(12,2,'Offer Submitted','sale',5,0,0,0,'2026-06-20 01:26:10','2026-06-20 01:26:10');
INSERT INTO pipeline_stages VALUES(13,2,'Negotiation','sale',6,0,0,0,'2026-06-20 01:26:10','2026-06-20 01:26:10');
INSERT INTO pipeline_stages VALUES(14,2,'Sale Concluded','sale',7,0,1,0,'2026-06-20 01:26:10','2026-06-20 01:26:10');
INSERT INTO pipeline_stages VALUES(15,2,'Deal Lost','sale',8,0,0,1,'2026-06-20 01:26:10','2026-06-20 01:26:10');
CREATE TABLE IF NOT EXISTS "deals" ("id" integer primary key autoincrement not null, "agency_id" integer not null, "pipeline_stage_id" integer not null, "contact_id" integer not null, "listing_id" integer, "assigned_agent_id" integer, "title" varchar not null, "type" varchar check ("type" in ('sale', 'rental')) not null default 'sale', "value" numeric not null default '0', "momentum_score" integer not null default '100', "notes" text, "created_at" datetime, "updated_at" datetime, foreign key("agency_id") references "agencies"("id") on delete cascade, foreign key("pipeline_stage_id") references "pipeline_stages"("id") on delete cascade, foreign key("contact_id") references "contacts"("id") on delete cascade, foreign key("listing_id") references "listings"("id") on delete set null, foreign key("assigned_agent_id") references "users"("id") on delete set null);
INSERT INTO deals VALUES(1,1,4,13,1,2,'Sale of 101 Premium Way, Victoria Island','sale',278900000,90,NULL,'2026-06-20 01:26:02','2026-06-20 01:26:02');
INSERT INTO deals VALUES(2,1,2,5,6,1,'Sale of 606 Premium Way, Ikoyi','sale',159600000,67,NULL,'2026-06-20 01:26:02','2026-06-20 01:26:02');
INSERT INTO deals VALUES(3,1,3,14,10,2,'Sale of 10010 Premium Way, Lekki Phase 1','sale',397000000,63,NULL,'2026-06-20 01:26:02','2026-06-20 01:26:02');
INSERT INTO deals VALUES(4,1,1,5,7,2,'Sale of 707 Premium Way, Lekki Phase 1','sale',357300000,47,NULL,'2026-06-20 01:26:02','2026-06-20 01:26:02');
INSERT INTO deals VALUES(5,1,6,12,8,1,'Sale of 808 Premium Way, Abuja Central','sale',283000000,44,NULL,'2026-06-20 01:26:02','2026-06-20 01:26:02');
INSERT INTO deals VALUES(6,2,10,16,11,4,'Kloof Street Apt — Forsyth','sale',2800000,83,NULL,'2026-06-20 01:26:10','2026-06-20 01:26:10');
INSERT INTO deals VALUES(7,2,12,18,13,3,'Constantia Villa — Nkosi','sale',14200000,41,NULL,'2026-06-20 01:26:10','2026-06-20 01:26:10');
INSERT INTO deals VALUES(8,2,9,19,15,5,'Sandton Apt — du Plessis','sale',3100000,74,NULL,'2026-06-20 01:26:11','2026-06-20 01:26:11');
INSERT INTO deals VALUES(9,2,14,22,14,4,'Blouberg House — Okafor','sale',7900000,58,NULL,'2026-06-20 01:26:11','2026-06-20 01:26:11');
INSERT INTO deals VALUES(10,2,13,24,12,3,'Sea Point Apt — Botha','sale',4500000,58,NULL,'2026-06-20 01:26:11','2026-06-20 01:26:11');
INSERT INTO deals VALUES(11,2,10,20,19,5,'De Waal Rental — Cele','rental',1950000,86,NULL,'2026-06-20 01:26:11','2026-06-20 01:26:11');
CREATE TABLE IF NOT EXISTS "campaigns" ("id" integer primary key autoincrement not null, "agency_id" integer not null, "listing_id" integer not null, "user_id" integer not null, "name" varchar not null, "goal" varchar not null, "status" varchar not null default 'draft', "scheduled_at" datetime, "created_at" datetime, "updated_at" datetime, foreign key("agency_id") references "agencies"("id") on delete cascade, foreign key("listing_id") references "listings"("id") on delete cascade, foreign key("user_id") references "users"("id") on delete cascade);
CREATE TABLE IF NOT EXISTS "campaign_contents" ("id" integer primary key autoincrement not null, "campaign_id" integer not null, "channel" varchar not null, "content_body" text not null, "media_paths" text, "status" varchar not null default 'draft', "scheduled_at" datetime, "created_at" datetime, "updated_at" datetime, foreign key("campaign_id") references "campaigns"("id") on delete cascade);
CREATE TABLE IF NOT EXISTS "viewings" ("id" integer primary key autoincrement not null, "agency_id" integer not null, "listing_id" integer not null, "contact_id" integer not null, "assigned_agent_id" integer not null, "scheduled_at" datetime not null, "status" varchar not null default 'scheduled', "duration_minutes" integer not null default '30', "notes" text, "created_at" datetime, "updated_at" datetime, "reminder_48h_sent" tinyint(1) not null default '0', "reminder_morning_sent" tinyint(1) not null default '0', "reminder_1h_sent" tinyint(1) not null default '0', "booking_source" varchar, "feedback_survey_sent" tinyint(1) not null default '0', "feedback_token" varchar, "check_in_at" datetime, "outcome_notes" text, "outcome" varchar check ("outcome" in ('interested', 'not_interested', 'offer_expected', 'undecided')), foreign key("agency_id") references "agencies"("id") on delete cascade, foreign key("listing_id") references "listings"("id") on delete cascade, foreign key("contact_id") references "contacts"("id") on delete cascade, foreign key("assigned_agent_id") references "users"("id") on delete cascade);
INSERT INTO viewings VALUES(1,1,5,6,1,'2026-06-20 09:00:00','completed',45,'Generated by seeder.','2026-06-20 01:26:02','2026-06-20 01:26:02',0,0,0,NULL,0,NULL,NULL,NULL,NULL);
INSERT INTO viewings VALUES(2,1,6,8,1,'2026-06-20 11:30:00','confirmed',45,'Generated by seeder.','2026-06-20 01:26:02','2026-06-20 01:26:02',0,0,0,NULL,0,NULL,NULL,NULL,NULL);
INSERT INTO viewings VALUES(3,1,4,10,1,'2026-06-20 14:00:00','confirmed',45,'Generated by seeder.','2026-06-20 01:26:02','2026-06-20 01:26:02',0,0,0,NULL,0,NULL,NULL,NULL,NULL);
INSERT INTO viewings VALUES(4,1,3,13,1,'2026-06-20 16:15:00','scheduled',45,'Generated by seeder.','2026-06-20 01:26:02','2026-06-20 01:26:02',0,0,0,NULL,0,NULL,NULL,NULL,NULL);
INSERT INTO viewings VALUES(5,2,11,16,4,'2026-06-20 08:30:00','completed',45,'Apex Realty — viewing arranged by seeder.','2026-06-20 01:26:11','2026-06-20 01:26:11',0,0,0,NULL,0,NULL,NULL,NULL,NULL);
INSERT INTO viewings VALUES(6,2,13,18,4,'2026-06-20 11:00:00','confirmed',45,'Apex Realty — viewing arranged by seeder.','2026-06-20 01:26:11','2026-06-20 01:26:11',0,0,0,NULL,0,NULL,NULL,NULL,NULL);
INSERT INTO viewings VALUES(7,2,15,22,4,'2026-06-20 14:30:00','scheduled',45,'Apex Realty — viewing arranged by seeder.','2026-06-20 01:26:11','2026-06-20 01:26:11',0,0,0,NULL,0,NULL,NULL,NULL,NULL);
INSERT INTO viewings VALUES(8,2,12,24,4,'2026-06-20 16:00:00','scheduled',45,'Apex Realty — viewing arranged by seeder.','2026-06-20 01:26:11','2026-06-20 01:26:11',0,0,0,NULL,0,NULL,NULL,NULL,NULL);
CREATE TABLE IF NOT EXISTS "contact_activities" ("id" integer primary key autoincrement not null, "agency_id" integer not null, "contact_id" integer not null, "user_id" integer, "type" varchar not null default ('note'), "subject" varchar, "body" text, "metadata" text, "occurred_at" datetime not null default (CURRENT_TIMESTAMP), "created_at" datetime, "updated_at" datetime, "deal_id" integer, foreign key("user_id") references users("id") on delete set null on update no action, foreign key("contact_id") references contacts("id") on delete cascade on update no action, foreign key("agency_id") references agencies("id") on delete cascade on update no action, foreign key("deal_id") references "deals"("id") on delete set null);
CREATE TABLE IF NOT EXISTS "stage_checklist_items" ("id" integer primary key autoincrement not null, "agency_id" integer not null, "pipeline_stage_id" integer not null, "deal_id" integer not null, "title" varchar not null, "completed" tinyint(1) not null default '0', "completed_at" datetime, "completed_by" integer, "order" integer not null default '0', "created_at" datetime, "updated_at" datetime, foreign key("agency_id") references "agencies"("id") on delete cascade, foreign key("pipeline_stage_id") references "pipeline_stages"("id") on delete cascade, foreign key("deal_id") references "deals"("id") on delete cascade, foreign key("completed_by") references "users"("id") on delete set null);
CREATE TABLE IF NOT EXISTS "follow_up_sequences" ("id" integer primary key autoincrement not null, "agency_id" integer not null, "contact_id" integer not null, "assigned_agent_id" integer, "name" varchar not null, "status" varchar check ("status" in ('active', 'paused', 'completed', 'cancelled')) not null default 'active', "current_step" integer not null default '0', "next_action_at" datetime, "created_at" datetime, "updated_at" datetime, foreign key("agency_id") references "agencies"("id") on delete cascade, foreign key("contact_id") references "contacts"("id") on delete cascade, foreign key("assigned_agent_id") references "users"("id") on delete set null);
INSERT INTO follow_up_sequences VALUES(1,1,3,1,'Automated Buyer Nurture Campaign','active',1,'2026-06-22 01:26:03','2026-06-20 01:26:03','2026-06-20 01:26:03');
INSERT INTO follow_up_sequences VALUES(2,1,8,2,'Automated Buyer Nurture Campaign','active',1,'2026-06-22 01:26:03','2026-06-20 01:26:03','2026-06-20 01:26:03');
INSERT INTO follow_up_sequences VALUES(3,1,9,1,'Automated Buyer Nurture Campaign','active',1,'2026-06-22 01:26:03','2026-06-20 01:26:03','2026-06-20 01:26:03');
CREATE TABLE IF NOT EXISTS "follow_up_steps" ("id" integer primary key autoincrement not null, "sequence_id" integer not null, "step_number" integer not null, "type" varchar check ("type" in ('email', 'call', 'sms', 'task')) not null default 'email', "subject" varchar, "message_template" text not null, "delay_days" integer not null default '1', "status" varchar check ("status" in ('pending', 'sent', 'skipped')) not null default 'pending', "executed_at" datetime, "created_at" datetime, "updated_at" datetime, foreign key("sequence_id") references "follow_up_sequences"("id") on delete cascade);
INSERT INTO follow_up_steps VALUES(1,1,1,'email','Welcome to VillaCRM Exclusive Portal!','Hi {buyer_name}, thank you for registering with us. We have matching listings in Ikoyi.',1,'pending',NULL,'2026-06-20 01:26:03','2026-06-20 01:26:03');
INSERT INTO follow_up_steps VALUES(2,1,2,'sms',NULL,'Hi {buyer_name}, check out this property that matches your criteria: {property_address}',3,'pending',NULL,'2026-06-20 01:26:03','2026-06-20 01:26:03');
INSERT INTO follow_up_steps VALUES(3,1,3,'call',NULL,'Schedule a viewing with {buyer_name}',7,'pending',NULL,'2026-06-20 01:26:03','2026-06-20 01:26:03');
INSERT INTO follow_up_steps VALUES(4,2,1,'email','Welcome to VillaCRM Exclusive Portal!','Hi {buyer_name}, thank you for registering with us. We have matching listings in Ikoyi.',1,'pending',NULL,'2026-06-20 01:26:03','2026-06-20 01:26:03');
INSERT INTO follow_up_steps VALUES(5,2,2,'sms',NULL,'Hi {buyer_name}, check out this property that matches your criteria: {property_address}',3,'pending',NULL,'2026-06-20 01:26:03','2026-06-20 01:26:03');
INSERT INTO follow_up_steps VALUES(6,2,3,'call',NULL,'Schedule a viewing with {buyer_name}',7,'pending',NULL,'2026-06-20 01:26:03','2026-06-20 01:26:03');
INSERT INTO follow_up_steps VALUES(7,3,1,'email','Welcome to VillaCRM Exclusive Portal!','Hi {buyer_name}, thank you for registering with us. We have matching listings in Ikoyi.',1,'pending',NULL,'2026-06-20 01:26:03','2026-06-20 01:26:03');
INSERT INTO follow_up_steps VALUES(8,3,2,'sms',NULL,'Hi {buyer_name}, check out this property that matches your criteria: {property_address}',3,'pending',NULL,'2026-06-20 01:26:03','2026-06-20 01:26:03');
INSERT INTO follow_up_steps VALUES(9,3,3,'call',NULL,'Schedule a viewing with {buyer_name}',7,'pending',NULL,'2026-06-20 01:26:03','2026-06-20 01:26:03');
CREATE TABLE IF NOT EXISTS "viewing_feedbacks" ("id" integer primary key autoincrement not null, "viewing_id" integer not null, "agency_id" integer not null, "overall_rating" integer, "price_perception" integer, "interest_level" varchar, "positive_notes" text, "concerns" text, "would_make_offer" tinyint(1) not null default '0', "agent_notes" text, "created_at" datetime, "updated_at" datetime, foreign key("viewing_id") references "viewings"("id") on delete cascade, foreign key("agency_id") references "agencies"("id") on delete cascade);
CREATE TABLE IF NOT EXISTS "transactions" ("id" integer primary key autoincrement not null, "agency_id" integer not null, "deal_id" integer not null, "listing_id" integer, "contact_id" integer, "assigned_agent_id" integer, "attorney_id" integer, "reference" varchar not null, "status" varchar check ("status" in ('initiated', 'fica_pending', 'fica_verified', 'offer_accepted', 'conveyancing', 'registration', 'completed', 'cancelled')) not null default 'initiated', "sale_price" numeric, "commission_rate" numeric not null default '5', "agent_split" numeric not null default '50', "offer_date" date, "deadline" date, "estimated_close_date" date, "closed_at" date, "timeline" text, "notes" text, "created_at" datetime, "updated_at" datetime, foreign key("agency_id") references "agencies"("id") on delete cascade, foreign key("deal_id") references "deals"("id") on delete cascade, foreign key("listing_id") references "listings"("id") on delete set null, foreign key("contact_id") references "contacts"("id") on delete set null, foreign key("assigned_agent_id") references "users"("id") on delete set null, foreign key("attorney_id") references "users"("id") on delete set null);
INSERT INTO transactions VALUES(1,1,5,8,12,1,NULL,'TX-LM9GUEOX','completed',283000000,5,80,NULL,NULL,NULL,'2026-06-13 00:00:00',NULL,NULL,'2026-06-20 01:26:06','2026-06-20 01:26:06');
INSERT INTO transactions VALUES(2,2,9,14,22,4,NULL,'TX-APX-HBVEIE','completed',7900000,6,55,NULL,NULL,NULL,'2026-06-13 00:00:00',NULL,NULL,'2026-06-20 01:26:11','2026-06-20 01:26:11');
CREATE TABLE IF NOT EXISTS "commissions" ("id" integer primary key autoincrement not null, "agency_id" integer not null, "transaction_id" integer not null, "deal_id" integer not null, "agent_id" integer, "sale_price" numeric not null, "commission_rate" numeric not null, "gross_commission" numeric not null, "agent_split_percentage" numeric not null, "agent_commission" numeric not null, "agency_commission" numeric not null, "payment_status" varchar check ("payment_status" in ('pending', 'processing', 'paid', 'disputed')) not null default 'pending', "expected_payment_date" date, "paid_at" date, "payment_reference" varchar, "notes" text, "created_at" datetime, "updated_at" datetime, foreign key("agency_id") references "agencies"("id") on delete cascade, foreign key("transaction_id") references "transactions"("id") on delete cascade, foreign key("deal_id") references "deals"("id") on delete cascade, foreign key("agent_id") references "users"("id") on delete set null);
INSERT INTO commissions VALUES(1,1,1,5,1,283000000,5,14150000,80,11320000,2830000,'paid','2026-07-05 00:00:00','2026-06-19 00:00:00',NULL,NULL,'2026-06-20 01:26:07','2026-06-20 01:26:07');
INSERT INTO commissions VALUES(2,2,2,9,4,7900000,6,474000,55,260700,213300,'paid','2026-06-27 00:00:00','2026-06-18 00:00:00',NULL,NULL,'2026-06-20 01:26:11','2026-06-20 01:26:11');
CREATE TABLE IF NOT EXISTS "training_modules" ("id" integer primary key autoincrement not null, "agency_id" integer, "title" varchar not null, "description" text, "category" varchar check ("category" in ('onboarding', 'skills', 'compliance', 'market', 'tools')) not null default 'skills', "type" varchar check ("type" in ('video', 'guide', 'quiz', 'roleplay', 'interactive')) not null default 'guide', "duration" varchar, "thumbnail_color" varchar, "content_url" varchar, "content_body" text, "is_mandatory" tinyint(1) not null default '0', "is_published" tinyint(1) not null default '1', "order" integer not null default '0', "created_at" datetime, "updated_at" datetime, foreign key("agency_id") references "agencies"("id") on delete set null);
INSERT INTO training_modules VALUES(1,NULL,'VillaCRM 101: Agent Onboarding','A complete overview of navigating the VillaCRM CRM, managing listings, and using the AI Copilot.','onboarding','guide','15m read','bg-brand-primary/20',NULL,replace('Welcome to VillaCRM! This guide walks you through the core features:\n\n**1. Dashboard** — Your daily intelligence hub. Review priority actions, deal alerts, and today''s viewings.\n\n**2. CRM** — Add contacts, log activities, and track your pipeline. Use the intent score to prioritise outreach.\n\n**3. Listings** — Create mandates, upload photos, generate AI descriptions, and syndicate to portals.\n\n**4. AI Copilot** — Use the chat panel for drafting emails, handling objections, and getting market insights.\n\n**5. Pipeline Board** — Drag deals across stages, track momentum, and log activities directly from deal cards.','\n',char(10)),1,1,1,'2026-06-20 01:26:11','2026-06-20 01:26:11');
INSERT INTO training_modules VALUES(2,NULL,'Objection Handling Masterclass','Learn the psychology behind common buyer objections and how to confidently pivot conversations.','skills','guide','45m read','bg-success-500/20',NULL,replace('**The 5 Most Common Objections in Real Estate**\n\n**1. "The price is too high."**\nResponse: Acknowledge, then anchor to value. "I understand — let me show you what comparable properties have sold for in the last 90 days."\n\n**2. "I need to think about it."**\nResponse: Uncover the real concern. "Absolutely — what specific aspect would you like to think through? I want to make sure I''ve answered everything."\n\n**3. "I''m working with another agent."**\nResponse: Show respect, then differentiate. "That''s great — strong relationships are important. May I ask what you''re hoping they can do that you haven''t seen yet?"\n\n**4. "The market is uncertain."**\nResponse: Reframe uncertainty as opportunity. "That''s exactly why active buyers and motivated sellers are in the market — the hesitant ones are waiting, which creates less competition."\n\n**5. "I want to wait until interest rates drop."**\nResponse: Show the carrying cost of waiting. "Let me run some numbers — waiting 6 months at current appreciation rates versus financing today often favours acting now."','\n',char(10)),0,1,2,'2026-06-20 01:26:11','2026-06-20 01:26:11');
INSERT INTO training_modules VALUES(3,NULL,'FICA & AML Compliance 2026','Mandatory annual compliance refresher on FICA requirements, AML obligations, and fraud detection.','compliance','quiz','20m','bg-danger-500/20',NULL,replace('**FICA (Financial Intelligence Centre Act) Key Requirements**\n\n**Customer Due Diligence (CDD)**\n- Verify identity of all parties in a property transaction\n- Required documents: ID/Passport, Proof of Address (< 3 months old), Source of Funds declaration\n- Enhanced Due Diligence (EDD) required for Politically Exposed Persons (PEPs)\n\n**Record Keeping**\n- All CDD records must be kept for a minimum of 5 years after transaction completion\n- Store securely — physical and digital records must be protected\n\n**Suspicious Transaction Reporting (STR)**\n- Report any suspicious activity to the FIC within 24 hours\n- STRs are confidential — do not ''tip off'' the subject\n- Common red flags: all-cash transactions, unusual urgency, reluctance to provide documents\n\n**Penalties for Non-Compliance**\n- Fines up to R10 million or 5 years imprisonment for wilful non-compliance\n- VillaCRM tracks FICA completion per transaction — ensure all required documents are uploaded and approved before closing','\n',char(10)),1,1,3,'2026-06-20 01:26:11','2026-06-20 01:26:11');
INSERT INTO training_modules VALUES(4,NULL,'Winning the Mandate','A step-by-step playbook for delivering high-impact listing presentations that win sole mandates.','skills','guide','10m read','bg-warning-500/20',NULL,replace('**The PROVE Framework for Listing Presentations**\n\n**P — Prepare**\nResearch the property, area comps, and the seller''s motivation before the appointment. Walk in knowing more about their property than they do.\n\n**R — Rapport**\nSpend the first 5 minutes asking questions about their story. Why are they selling? Where are they moving? What matters most in the process?\n\n**O — Offer (Comparative Market Analysis)**\nPresent your pricing recommendation with data. Show 3 recently sold comparables, 2 active listings (their competition), and your recommended list price with rationale.\n\n**V — Value VillaCRMition**\nDifferentiate your service: VillaCRM''s portal syndication reach, AI-generated descriptions, professional photography, 48-hour response time to inquiries.\n\n**E — Execute**\nClose for the sole mandate. Have the document ready. Address the commission question directly and confidently: "Our fee reflects the marketing investment, the database of qualified buyers we bring, and our track record of selling within X days at Y% of asking price."','\n',char(10)),0,1,4,'2026-06-20 01:26:11','2026-06-20 01:26:11');
INSERT INTO training_modules VALUES(5,NULL,'Market Intelligence: Q3 Dynamics','Deep dive into interest rate impacts, pricing pressures, and positioning strategies for Q3.','market','guide','12m read','bg-info-500/20',NULL,replace('**Q3 Market Conditions — Key Insights**\n\n**Interest Rate Environment**\nRates have stabilised but remain elevated. Buyers are more cautious — qualify budget before investing time in viewings. Many buyers are waiting for a rate cut; use this to create urgency in qualified leads.\n\n**Pricing Pressure**\nAverage days on market have increased by 18% YoY. Properties priced correctly in the first 30 days sell faster and closer to asking price. Price reductions signal desperation and erode perceived value.\n\n**Segment Performance**\n- Affordable housing (under ₦40M): High demand, limited supply\n- Mid-range (₦40M–₦120M): Increased DOM, negotiate room has widened\n- Luxury (₦120M+): Sticky prices, longer sales cycles, motivated investors\n\n**Winning Strategy**\n1. Price right from day one — show sellers the data\n2. Maximise portal reach — buyers are doing more online research before contacting agents\n3. Focus on yield for investor conversations — present rental projections alongside capital appreciation','\n',char(10)),0,1,5,'2026-06-20 01:26:11','2026-06-20 01:26:11');
INSERT INTO training_modules VALUES(6,NULL,'VillaCRM AI Features Deep Dive','Mastering the AI Copilot: daily briefs, listing descriptions, lead scoring, and the role-play simulator.','tools','guide','8m read','bg-purple-500/20',NULL,replace('**Getting the Most from VillaCRM AI**\n\n**Daily Brief**\nEvery morning, your brief is generated from live data: your hottest contacts (by intent score), stale deals needing attention, and today''s viewing schedule. Hit ''Regenerate'' if you want a fresh snapshot.\n\n**Listing Description Generator**\nOn any listing detail page, click ''✨ Generate with AI''. Choose your tone (Professional, Luxury, Friendly, Investment-focused). Review and edit the output — always personalise it with local knowledge.\n\n**Lead Scoring**\nIntent scores (0–100) are calculated from contact completeness, recent activity, deal engagement, and contact type. Focus on leads above 70.\n\n**Copilot Chat**\nUse the floating chat button for:\n- Drafting emails and follow-up messages\n- Getting market data questions answered\n- Brainstorming listing strategies\n\n**Role-Play Simulator**\nPractise difficult client conversations before they happen. Choose a scenario and persona, then chat with an AI client. Get scored on your performance.','\n',char(10)),0,1,6,'2026-06-20 01:26:11','2026-06-20 01:26:11');
CREATE TABLE IF NOT EXISTS "training_progress" ("id" integer primary key autoincrement not null, "user_id" integer not null, "module_id" integer not null, "progress_pct" integer not null default '0', "status" varchar check ("status" in ('not_started', 'in_progress', 'completed')) not null default 'not_started', "started_at" datetime, "completed_at" datetime, "score" integer, "created_at" datetime, "updated_at" datetime, foreign key("user_id") references "users"("id") on delete cascade, foreign key("module_id") references "training_modules"("id") on delete cascade);
CREATE TABLE IF NOT EXISTS "whatsapp_templates" ("id" integer primary key autoincrement not null, "agency_id" integer not null, "name" varchar not null, "category" varchar not null default 'marketing', "body" text not null, "variables" text, "status" varchar check ("status" in ('draft', 'pending_approval', 'approved', 'rejected')) not null default 'draft', "created_at" datetime, "updated_at" datetime, foreign key("agency_id") references "agencies"("id") on delete cascade);
INSERT INTO whatsapp_templates VALUES(1,1,'new_listing_alert','marketing',replace('Hello {{buyer_name}}, we have a new {{property_type}} in {{location}} that matches your search criteria.\n\n📍 {{address}}\n💰 ₦{{price}}\n🛏 {{bedrooms}} bed | 🛁 {{bathrooms}} bath\n\nReply YES to schedule a viewing or call {{agent_phone}}.','\n',char(10)),'["buyer_name","property_type","location","address","price","bedrooms","bathrooms","agent_phone"]','approved','2026-06-20 01:26:24','2026-06-20 01:26:24');
INSERT INTO whatsapp_templates VALUES(2,1,'viewing_reminder','utility',replace('Hi {{contact_name}}, this is a reminder of your property viewing scheduled for *{{date}}* at *{{time}}*.\n\n📍 {{address}}\n🏠 {{agent_name}} will meet you there.\n\nReply CONFIRM to confirm or CANCEL to reschedule.','\n',char(10)),'["contact_name","date","time","address","agent_name"]','approved','2026-06-20 01:26:24','2026-06-20 01:26:24');
INSERT INTO whatsapp_templates VALUES(3,1,'offer_received','utility',replace('Dear {{seller_name}}, an offer of *₦{{amount}}* has been received on your property at {{address}}.\n\nOffer expires: {{expiry_date}}\nConditions: {{conditions_summary}}\n\nPlease contact {{agent_name}} at {{agent_phone}} to discuss.','\n',char(10)),'["seller_name","amount","address","expiry_date","conditions_summary","agent_name","agent_phone"]','approved','2026-06-20 01:26:24','2026-06-20 01:26:24');
INSERT INTO whatsapp_templates VALUES(4,1,'rent_due_reminder','utility',replace('Hi {{tenant_name}}, this is a friendly reminder that your rent of *₦{{amount}}* for {{month}} is due on {{due_date}}.\n\nBank: {{bank_name}}\nAccount: {{account_number}}\nRef: {{lease_reference}}\n\nContact us at {{agent_phone}} if you have any queries.','\n',char(10)),'["tenant_name","amount","month","due_date","bank_name","account_number","lease_reference","agent_phone"]','approved','2026-06-20 01:26:24','2026-06-20 01:26:24');
INSERT INTO whatsapp_templates VALUES(5,1,'lead_follow_up','marketing',replace('Hello {{name}}! 👋 I''m {{agent_name}} from Demo Agency. You recently enquired about properties in {{area}}.\n\nI''d love to help you find your perfect {{property_type}}. Are you available for a quick call this week?\n\nReply with a preferred time or call me directly on {{agent_phone}}.','\n',char(10)),'["name","agent_name","area","property_type","agent_phone"]','approved','2026-06-20 01:26:24','2026-06-20 01:26:24');
INSERT INTO whatsapp_templates VALUES(6,1,'document_request','utility',replace('Hi {{name}}, to proceed with your application we require the following documents:\n\n{{document_list}}\n\nPlease send via WhatsApp or email to {{agent_email}}.\n\nDeadline: {{deadline}}\n\nThank you — {{agent_name}}.','\n',char(10)),'["name","document_list","agent_email","deadline","agent_name"]','pending_approval','2026-06-20 01:26:24','2026-06-20 01:26:24');
CREATE TABLE IF NOT EXISTS "whatsapp_messages" ("id" integer primary key autoincrement not null, "agency_id" integer not null, "contact_id" integer, "template_id" integer, "to_number" varchar not null, "body" text not null, "direction" varchar check ("direction" in ('outbound', 'inbound')) not null default 'outbound', "status" varchar check ("status" in ('queued', 'sent', 'delivered', 'read', 'failed')) not null default 'queued', "external_id" varchar, "sent_at" datetime, "delivered_at" datetime, "created_at" datetime, "updated_at" datetime, "external_message_id" varchar, foreign key("agency_id") references "agencies"("id") on delete cascade, foreign key("contact_id") references "contacts"("id") on delete set null, foreign key("template_id") references "whatsapp_templates"("id") on delete set null);
/****** CORRUPTION ERROR *******/
CREATE TABLE IF NOT EXISTS "meta_ad_campaigns" ("id" integer primary key autoincrement not null, "agency_id" integer not null, "campaign_id" integer, "name" varchar not null, "objective" varchar check ("objective" in ('lead_generation', 'brand_awareness', 'traffic', 'conversions')) not null default 'lead_generation', "budget_daily" numeric, "budget_total" numeric, "start_date" date, "end_date" date, "status" varchar check ("status" in ('draft', 'active', 'paused', 'completed')) not null default 'draft', "external_campaign_id" varchar, "spend" numeric not null default '0', "impressions" integer not null default '0', "clicks" integer not null default '0', "leads" integer not null default '0', "cpm" numeric, "cpc" numeric, "cpl" numeric, "created_at" datetime, "updated_at" datetime, foreign key("agency_id") references "agencies"("id") on delete cascade, foreign key("campaign_id") references "campaigns"("id") on delete set null);
CREATE TABLE IF NOT EXISTS "open_houses" ("id" integer primary key autoincrement not null, "agency_id" integer not null, "listing_id" integer not null, "agent_id" integer not null, "starts_at" datetime not null, "ends_at" datetime not null, "status" varchar not null default 'scheduled', "rsvp_count" integer not null default '0', "attendance_count" integer not null default '0', "notes" text, "rsvp_slug" varchar, "created_at" datetime, "updated_at" datetime, "deleted_at" datetime, foreign key("agency_id") references "agencies"("id") on delete cascade, foreign key("listing_id") references "listings"("id") on delete cascade, foreign key("agent_id") references "users"("id") on delete cascade);
INSERT INTO open_houses VALUES(1,1,9,1,'2026-06-22 10:00:00','2026-06-22 15:00:00','scheduled',0,0,'Luxury private showing. Refreshments provided.',NULL,'2026-06-20 01:26:02','2026-06-20 01:26:02',NULL);
INSERT INTO open_houses VALUES(2,1,4,2,'2026-06-23 10:00:00','2026-06-23 15:00:00','scheduled',0,0,'Luxury private showing. Refreshments provided.',NULL,'2026-06-20 01:26:03','2026-06-20 01:26:03',NULL);
INSERT INTO open_houses VALUES(3,2,11,3,'2026-06-23 09:30:00','2026-06-23 13:00:00','scheduled',0,0,'Champagne breakfast viewing — invite-only.',NULL,'2026-06-20 01:26:11','2026-06-20 01:26:11',NULL);
INSERT INTO open_houses VALUES(4,2,12,4,'2026-06-24 09:30:00','2026-06-24 13:00:00','scheduled',0,0,'Champagne breakfast viewing — invite-only.',NULL,'2026-06-20 01:26:11','2026-06-20 01:26:11',NULL);
CREATE TABLE IF NOT EXISTS "open_house_rsvps" ("id" integer primary key autoincrement not null, "open_house_id" integer not null, "contact_id" integer, "guest_name" varchar not null, "guest_email" varchar, "guest_phone" varchar, "checked_in" tinyint(1) not null default '0', "checked_in_at" datetime, "reminder_sent" tinyint(1) not null default '0', "created_at" datetime, "updated_at" datetime, foreign key("open_house_id") references "open_houses"("id") on delete cascade, foreign key("contact_id") references "contacts"("id") on delete set null);
INSERT INTO open_house_rsvps VALUES(1,1,10,'Test Contact 10','contact10@example.com','+2348000000010',0,NULL,1,'2026-06-20 01:26:03','2026-06-20 01:26:03');
INSERT INTO open_house_rsvps VALUES(2,1,3,'Test Contact 3','contact3@example.com','+2348000000003',0,NULL,1,'2026-06-20 01:26:03','2026-06-20 01:26:03');
INSERT INTO open_house_rsvps VALUES(3,1,15,'Test Contact 15','contact15@example.com','+2348000000015',0,NULL,1,'2026-06-20 01:26:03','2026-06-20 01:26:03');
INSERT INTO open_house_rsvps VALUES(4,2,2,'Test Contact 2','contact2@example.com','+2348000000002',0,NULL,1,'2026-06-20 01:26:03','2026-06-20 01:26:03');
INSERT INTO open_house_rsvps VALUES(5,2,9,'Test Contact 9','contact9@example.com','+2348000000009',0,NULL,1,'2026-06-20 01:26:03','2026-06-20 01:26:03');
INSERT INTO open_house_rsvps VALUES(6,2,5,'Test Contact 5','contact5@example.com','+2348000000005',0,NULL,1,'2026-06-20 01:26:03','2026-06-20 01:26:03');
INSERT INTO open_house_rsvps VALUES(7,3,20,'Andile Cele','andile.cele@example.co.za','+27 87 863 6032',0,NULL,1,'2026-06-20 01:26:11','2026-06-20 01:26:11');
INSERT INTO open_house_rsvps VALUES(8,3,16,'James Forsyth','james.forsyth@example.co.za','+27 82 297 8551',0,NULL,1,'2026-06-20 01:26:11','2026-06-20 01:26:11');
INSERT INTO open_house_rsvps VALUES(9,3,17,'Nadia Adams','nadia.adams@example.co.za','+27 83 142 3556',0,NULL,1,'2026-06-20 01:26:11','2026-06-20 01:26:11');
INSERT INTO open_house_rsvps VALUES(10,3,22,'Michael Okafor','michael.okafor@example.co.za','+27 89 309 1837',0,NULL,1,'2026-06-20 01:26:11','2026-06-20 01:26:11');
INSERT INTO open_house_rsvps VALUES(11,4,22,'Michael Okafor','michael.okafor@example.co.za','+27 89 309 1837',0,NULL,1,'2026-06-20 01:26:11','2026-06-20 01:26:11');
INSERT INTO open_house_rsvps VALUES(12,4,25,'Ayanda Zulu','ayanda.zulu@example.co.za','+27 89 665 7391',0,NULL,1,'2026-06-20 01:26:11','2026-06-20 01:26:11');
INSERT INTO open_house_rsvps VALUES(13,4,20,'Andile Cele','andile.cele@example.co.za','+27 87 863 6032',0,NULL,1,'2026-06-20 01:26:11','2026-06-20 01:26:11');
INSERT INTO open_house_rsvps VALUES(14,4,26,'Geraldine Marx','geraldine.marx@example.co.za','+27 85 715 7909',0,NULL,1,'2026-06-20 01:26:11','2026-06-20 01:26:11');
CREATE TABLE IF NOT EXISTS "listing_graphics" ("id" integer primary key autoincrement not null, "agency_id" integer not null, "listing_id" integer not null, "format" varchar not null, "channel" varchar not null, "file_path" varchar not null, "width" integer not null, "height" integer not null, "file_size" integer, "post_copy" text, "created_at" datetime, "updated_at" datetime, foreign key("agency_id") references "agencies"("id") on delete cascade, foreign key("listing_id") references "listings"("id") on delete cascade);
CREATE TABLE IF NOT EXISTS "offers" ("id" integer primary key autoincrement not null, "agency_id" integer not null, "deal_id" integer not null, "listing_id" integer, "contact_id" integer not null, "submitted_by" integer, "amount" numeric not null, "status" varchar check ("status" in ('pending', 'countered', 'accepted', 'rejected', 'expired', 'withdrawn')) not null default 'pending', "type" varchar check ("type" in ('sale', 'rental')) not null default 'sale', "expiry_date" date, "proposed_occupation_date" date, "deposit_amount" numeric, "conditions" text, "notes" text, "counter_amount" numeric, "counter_notes" text, "responded_at" datetime, "created_at" datetime, "updated_at" datetime, "deleted_at" datetime, foreign key("agency_id") references "agencies"("id") on delete cascade, foreign key("deal_id") references "deals"("id") on delete cascade, foreign key("listing_id") references "listings"("id") on delete set null, foreign key("contact_id") references "contacts"("id") on delete cascade, foreign key("submitted_by") references "users"("id") on delete set null);
INSERT INTO offers VALUES(1,1,2,6,5,2,185000000,'accepted','sale','2026-05-31 01:26:23','2026-07-20 01:26:23',18500000,'Subject to bond approval within 21 days. Property to be sold voetstoots. Occupational rent at R50,000 per month from date of occupation to date of registration.','Buyer pre-qualified. Bond approval expected within 10 days.',NULL,NULL,'2026-06-02 01:26:23','2026-06-20 01:26:23','2026-06-20 01:26:23',NULL);
INSERT INTO offers VALUES(2,1,5,8,12,1,95000000,'countered','sale','2026-06-10 01:26:23','2026-08-19 01:26:23',9500000,'Subject to sale of buyer''s existing property. Bond approval within 30 days. All fixtures and fittings included.','First offer below asking. Seller willing to negotiate.',108000000,'Seller counter at ₦108M. Fixtures included. Subject to sale clause to be removed.','2026-06-12 01:26:23','2026-06-20 01:26:23','2026-06-20 01:26:23',NULL);
INSERT INTO offers VALUES(3,1,1,1,13,2,45000000,'rejected','sale','2026-06-05 01:26:23','2026-08-04 01:26:23',4500000,'Cash purchase, no bond required. Immediate occupation.','Cash buyer but offer is significantly below asking price.',NULL,NULL,'2026-06-06 01:26:23','2026-06-20 01:26:23','2026-06-20 01:26:23',NULL);
INSERT INTO offers VALUES(4,1,3,10,14,2,220000000,'pending','sale','2026-06-25 01:26:23','2026-09-18 01:26:23',22000000,'Subject to bond approval within 14 days. Property to be professionally cleaned prior to occupation. Electrical compliance certificate to be provided by seller.','Serious buyer. Pre-approval letter attached.',NULL,NULL,NULL,'2026-06-20 01:26:23','2026-06-20 01:26:23',NULL);
INSERT INTO offers VALUES(5,1,4,7,5,1,67000000,'withdrawn','sale','2026-06-15 01:26:23','2026-07-20 01:26:23',6700000,'Bond required. 30-day occupation.','Buyer withdrew to pursue another listing.',NULL,NULL,'2026-06-17 01:26:23','2026-06-20 01:26:23','2026-06-20 01:26:23',NULL);
CREATE TABLE IF NOT EXISTS "contracts" ("id" integer primary key autoincrement not null, "agency_id" integer not null, "deal_id" integer, "transaction_id" integer, "offer_id" integer, "listing_id" integer, "contact_id" integer, "created_by" integer, "reference" varchar not null, "title" varchar not null, "type" varchar check ("type" in ('sale_agreement', 'lease_agreement', 'mou', 'mandate', 'offer_to_purchase', 'addendum', 'other')) not null default 'sale_agreement', "status" varchar check ("status" in ('draft', 'sent', 'viewed', 'signed_buyer', 'signed_seller', 'fully_signed', 'cancelled', 'expired')) not null default 'draft', "body" text, "file_path" varchar, "valid_from" date, "valid_until" date, "signatories" text, "signed_at" text, "esign_provider" varchar, "esign_document_id" varchar, "created_at" datetime, "updated_at" datetime, "deleted_at" datetime, foreign key("agency_id") references "agencies"("id") on delete cascade, foreign key("deal_id") references "deals"("id") on delete set null, foreign key("transaction_id") references "transactions"("id") on delete set null, foreign key("offer_id") references "offers"("id") on delete set null, foreign key("listing_id") references "listings"("id") on delete set null, foreign key("contact_id") references "contacts"("id") on delete set null, foreign key("created_by") references "users"("id") on delete set null);
INSERT INTO contracts VALUES(1,1,2,NULL,NULL,NULL,NULL,1,'CON-B3CEBC84','Standard Sale Agreement — Sale of 606 Premium Way, Ikoyi','sale_agreement','draft',replace('SALE AGREEMENT\n\nSeller: Owner\nBuyer: Test\nPrice: NGN 159,600,000.00\n\nStandard terms apply.','\n',char(10)),NULL,'2026-06-20 00:00:00','2026-09-18 00:00:00',NULL,NULL,NULL,NULL,'2026-06-20 01:26:03','2026-06-20 01:26:03',NULL);
INSERT INTO contracts VALUES(2,1,5,NULL,NULL,NULL,NULL,2,'CON-EA1731BC','Residential Lease — Sale of 808 Premium Way, Abuja Central','lease_agreement','sent',replace('LEASE AGREEMENT\n\nLandlord: Demo Agency\nTenant: Test\nMonthly Rent: NGN 4,500,000.00\n\nStandard lease terms apply.','\n',char(10)),NULL,'2026-06-20 00:00:00','2027-06-20 00:00:00','{"envelope_id":"env_abc123","sent_at":"2026-06-20 01:26:03"}',NULL,NULL,NULL,'2026-06-20 01:26:03','2026-06-20 01:26:03',NULL);
INSERT INTO contracts VALUES(3,1,1,NULL,NULL,NULL,NULL,1,'CON-2153C5B6','Exclusive Listing Mandate — Sale of 101 Premium Way, Victoria Island','mandate','fully_signed',replace('EXCLUSIVE SELLER MANDATE\n\nAgency: Demo Agency\nSeller: Test\n\nStandard exclusive mandate terms apply.','\n',char(10)),NULL,'2026-06-10 00:00:00','2026-09-08 00:00:00','{"envelope_id":"env_xyz789","sent_at":"2026-06-10 01:26:03"}','[{"name":"Test Contact 13","initials":"C","ip_address":"127.0.0.1","user_agent":"Mozilla\/5.0 Chrome\/100.0","signed_at":"2026-06-11 01:26:03"}]',NULL,NULL,'2026-06-20 01:26:03','2026-06-20 01:26:03',NULL);
INSERT INTO contracts VALUES(4,2,6,NULL,NULL,NULL,NULL,3,'CON-APX-48ACD6D1','Offer to Purchase — Kloof Street Apt — Forsyth','sale_agreement','sent',replace('OFFER TO PURCHASE\n\nSeller: Owner\nBuyer: James\nPurchase Price: ZAR 2,800,000.00\n\nSubject to bond approval within 30 days.','\n',char(10)),NULL,'2026-06-20 00:00:00','2026-07-20 00:00:00','{"sent_at":"2026-06-20 01:26:11"}',NULL,NULL,NULL,'2026-06-20 01:26:11','2026-06-20 01:26:11',NULL);
INSERT INTO contracts VALUES(5,2,7,NULL,NULL,NULL,NULL,3,'CON-APX-C14274DE','Sole Mandate — Constantia Villa — Nkosi','mandate','fully_signed',replace('SOLE MANDATE AGREEMENT\n\nAgency: Apex Realty Group\nSeller: Sipho\n\nExclusive mandate for 90 days.','\n',char(10)),NULL,'2026-06-15 00:00:00','2026-09-13 00:00:00','{"signed_at":"2026-06-16 01:26:11"}','[{"name":"Sipho Nkosi","signed_at":"2026-06-16 01:26:11"}]',NULL,NULL,'2026-06-20 01:26:11','2026-06-20 01:26:11',NULL);
INSERT INTO contracts VALUES(6,1,2,NULL,1,6,5,2,'CON-PQYMNIAE','Offer to Purchase — 606 Premium Way, Ikoyi, Lagos','offer_to_purchase','fully_signed',replace('OFFER TO PURCHASE\n\nDate: 05 Jun 2026\n\nPARTIES\nSeller: Demo Agency (acting as agent for the registered owner)\nBuyer: Test Contact 5\n\nPROPERTY\n606 Premium Way, Ikoyi, Lagos\n\nPURCHASE PRICE\n₦185,000,000.00\n\nDEPOSIT\n10% of purchase price payable within 3 business days of acceptance.\n\nOCCUPATION DATE\n20 Jul 2026\n\nCONDITIONS\nSubject to bond approval within 21 days. Property to be sold voetstoots. Occupational rent at R50,000 per month from date of occupation to date of registration.\n\nGENERAL CONDITIONS\n1. This offer is subject to the terms and conditions of the standard deed of sale.\n2. The property is sold voetstoots (as is).\n3. The seller warrants that all SPLUMA certificates and rates clearance will be provided.\n4. This offer is irrevocable and binding upon the buyer for the period stated.\n\nSIGNATURES\nBuyer: ________________________ Date: ___________\nSeller''s Agent: _______________ Date: ___________','\n',char(10)),NULL,'2026-06-05 00:00:00','2027-06-05 00:00:00','[{"name":"Test Contact 5","role":"buyer","email":"contact5@example.com"},{"name":"Demo Agency","role":"seller_agent","email":"demo@villacrm.app"}]','[{"name":"Test Contact 5","signed_at":"2026-06-07 01:26:23","ip_address":"105.112.72.96"},{"name":"Demo Agency","signed_at":"2026-06-08 01:26:23","ip_address":"197.210.226.45"}]',NULL,NULL,'2026-06-20 01:26:23','2026-06-20 01:26:23',NULL);
/****** CORRUPTION ERROR *******/
CREATE TABLE IF NOT EXISTS "tasks" ("id" integer primary key autoincrement not null, "agency_id" integer not null, "assigned_to" integer, "created_by" integer, "contact_id" integer, "deal_id" integer, "listing_id" integer, "transaction_id" integer, "title" varchar not null, "description" text, "type" varchar check ("type" in ('call', 'email', 'meeting', 'document', 'follow_up', 'viewing', 'other')) not null default 'other', "priority" varchar check ("priority" in ('low', 'medium', 'high', 'urgent')) not null default 'medium', "status" varchar check ("status" in ('pending', 'in_progress', 'completed', 'cancelled')) not null default 'pending', "due_at" datetime, "completed_at" datetime, "subtasks" text, "activity_log" text, "created_at" datetime, "updated_at" datetime, "deleted_at" datetime, "source" varchar, "source_id" integer, foreign key("agency_id") references "agencies"("id") on delete cascade, foreign key("assigned_to") references "users"("id") on delete set null, foreign key("created_by") references "users"("id") on delete set null, foreign key("contact_id") references "contacts"("id") on delete set null, foreign key("deal_id") references "deals"("id") on delete set null, foreign key("listing_id") references "listings"("id") on delete set null, foreign key("transaction_id") references "transactions"("id") on delete set null);
INSERT INTO tasks VALUES(1,1,1,1,12,2,2,NULL,'Follow up with buyer on Lekki property offer','Follow up on the outstanding action item. If no response after 48 hours, escalate to principal.','follow_up','urgent','pending','2026-06-26 01:26:22',NULL,NULL,NULL,'2026-06-20 01:26:22','2026-06-20 01:26:22',NULL,NULL,NULL);
INSERT INTO tasks VALUES(2,1,2,1,13,NULL,NULL,NULL,'Send comparable market analysis to client','Complete, review for accuracy, obtain required signatures, and file in the document vault.','document','high','pending','2026-06-21 01:26:22',NULL,NULL,NULL,'2026-06-20 01:26:22','2026-06-20 01:26:22',NULL,NULL,NULL);
INSERT INTO tasks VALUES(3,1,1,1,28,NULL,NULL,NULL,'Schedule property viewing — Victoria Island duplex','Coordinate access with the seller or landlord, confirm the time with the buyer, and send a confirmation SMS.','viewing','high','pending','2026-06-21 01:26:22',NULL,NULL,NULL,'2026-06-20 01:26:22','2026-06-20 01:26:22',NULL,NULL,NULL);
INSERT INTO tasks VALUES(4,1,2,1,29,3,NULL,NULL,'Call landlord to confirm lease renewal terms','Call the client to discuss the latest update on their property requirement and confirm next steps.','call','high','pending','2026-06-25 01:26:22',NULL,NULL,NULL,'2026-06-20 01:26:22','2026-06-20 01:26:22',NULL,NULL,NULL);
INSERT INTO tasks VALUES(5,1,1,1,30,NULL,24,NULL,'Draft offer letter for Ikoyi penthouse','Complete, review for accuracy, obtain required signatures, and file in the document vault.','document','urgent','pending','2026-06-28 01:26:22',NULL,NULL,NULL,'2026-06-20 01:26:22','2026-06-20 01:26:22',NULL,NULL,NULL);
INSERT INTO tasks VALUES(6,1,2,1,31,NULL,NULL,NULL,'Email FICA documents checklist to Adaeze Johnson','Draft and send a professional email with all relevant attachments and action items clearly listed.','email','high','pending','2026-06-22 01:26:22',NULL,NULL,NULL,'2026-06-20 01:26:22','2026-06-20 01:26:22',NULL,NULL,NULL);
INSERT INTO tasks VALUES(7,1,1,1,32,5,NULL,NULL,'Prepare listing presentation for Ikeja GRA mandate','Prepare agenda, confirm venue or video link, and share pre-read materials at least 24 hours in advance.','meeting','medium','pending','2026-06-21 01:26:22',NULL,NULL,NULL,'2026-06-20 01:26:22','2026-06-20 01:26:22',NULL,NULL,NULL);
INSERT INTO tasks VALUES(8,1,2,1,33,NULL,NULL,NULL,'Update pipeline stage for Deal #4','Complete this task and update its status in the task board when done.','other','medium','pending','2026-06-30 01:26:22',NULL,NULL,NULL,'2026-06-20 01:26:22','2026-06-20 01:26:22',NULL,NULL,NULL);
INSERT INTO tasks VALUES(9,1,1,1,6,NULL,3,NULL,'Arrange professional photography for new listing','Complete this task and update its status in the task board when done.','other','medium','pending','2026-06-22 01:26:22',NULL,NULL,NULL,'2026-06-20 01:26:22','2026-06-20 01:26:22',NULL,NULL,NULL);
INSERT INTO tasks VALUES(10,1,2,1,10,4,NULL,NULL,'Send welcome email to newly registered buyer lead','Draft and send a professional email with all relevant attachments and action items clearly listed.','email','low','pending','2026-06-24 01:26:22',NULL,NULL,NULL,'2026-06-20 01:26:22','2026-06-20 01:26:22',NULL,NULL,NULL);
INSERT INTO tasks VALUES(11,1,1,1,3,NULL,NULL,NULL,'Review open house RSVP list and confirm attendees','Complete this task and update its status in the task board when done.','other','medium','pending','2026-06-29 01:26:22',NULL,NULL,NULL,'2026-06-20 01:26:22','2026-06-20 01:26:22',NULL,NULL,NULL);
INSERT INTO tasks VALUES(12,1,2,1,8,NULL,NULL,NULL,'Upload signed mandate to document vault','Complete, review for accuracy, obtain required signatures, and file in the document vault.','document','high','pending','2026-06-30 01:26:22',NULL,NULL,NULL,'2026-06-20 01:26:22','2026-06-20 01:26:22',NULL,NULL,NULL);
INSERT INTO tasks VALUES(13,1,1,1,29,2,NULL,NULL,'Negotiate counter-offer for Abuja Central property','Prepare agenda, confirm venue or video link, and share pre-read materials at least 24 hours in advance.','meeting','urgent','in_progress','2026-06-25 01:26:22',NULL,NULL,NULL,'2026-06-20 01:26:22','2026-06-20 01:26:22',NULL,NULL,NULL);
INSERT INTO tasks VALUES(14,1,2,1,30,5,NULL,NULL,'Coordinate conveyancing attorney for transfer','Complete, review for accuracy, obtain required signatures, and file in the document vault.','document','high','in_progress','2026-06-25 01:26:22',NULL,NULL,NULL,'2026-06-20 01:26:22','2026-06-20 01:26:22',NULL,NULL,NULL);
INSERT INTO tasks VALUES(15,1,1,1,31,1,NULL,NULL,'Collect tenant deposit and issue receipt','Complete this task and update its status in the task board when done.','other','high','in_progress','2026-06-23 01:26:23',NULL,NULL,NULL,'2026-06-20 01:26:23','2026-06-20 01:26:23',NULL,NULL,NULL);
INSERT INTO tasks VALUES(16,1,2,1,32,3,NULL,NULL,'Run lead qualification call — investor inquiry','Call the client to discuss the latest update on their property requirement and confirm next steps.','call','medium','in_progress','2026-06-23 01:26:23',NULL,NULL,NULL,'2026-06-20 01:26:23','2026-06-20 01:26:23',NULL,NULL,NULL);
INSERT INTO tasks VALUES(17,1,1,1,31,NULL,NULL,1,'Send congratulations email on successful sale closure','Draft and send a professional email with all relevant attachments and action items clearly listed.','email','low','completed','2026-06-02 01:26:23','2026-06-03 01:26:23',NULL,NULL,'2026-06-20 01:26:23','2026-06-20 01:26:23',NULL,NULL,NULL);
INSERT INTO tasks VALUES(18,1,2,1,32,NULL,NULL,NULL,'Submit commission statement to accounts department','Complete, review for accuracy, obtain required signatures, and file in the document vault.','document','high','completed','2026-05-30 01:26:23','2026-05-31 01:26:23',NULL,NULL,'2026-06-20 01:26:23','2026-06-20 01:26:23',NULL,NULL,NULL);
INSERT INTO tasks VALUES(19,1,1,1,33,NULL,NULL,NULL,'Verify FICA compliance for Chukwudi Okafor','Complete, review for accuracy, obtain required signatures, and file in the document vault.','document','high','completed','2026-06-01 01:26:23','2026-06-02 01:26:23',NULL,NULL,'2026-06-20 01:26:23','2026-06-20 01:26:23',NULL,NULL,NULL);
INSERT INTO tasks VALUES(20,1,2,1,6,NULL,NULL,1,'Initial buyer consultation — Lekki Phase 1','Prepare agenda, confirm venue or video link, and share pre-read materials at least 24 hours in advance.','meeting','medium','completed','2026-06-10 01:26:23','2026-06-11 01:26:23',NULL,NULL,'2026-06-20 01:26:23','2026-06-20 01:26:23',NULL,NULL,NULL);
INSERT INTO tasks VALUES(21,1,1,1,10,NULL,NULL,NULL,'Post listing on Property24 and Private Property','Complete this task and update its status in the task board when done.','other','medium','completed','2026-06-03 01:26:23','2026-06-04 01:26:23',NULL,NULL,'2026-06-20 01:26:23','2026-06-20 01:26:23',NULL,NULL,NULL);
INSERT INTO tasks VALUES(22,1,2,1,3,NULL,NULL,NULL,'Request deposit proof of payment from tenant','Follow up on the outstanding action item. If no response after 48 hours, escalate to principal.','follow_up','medium','completed','2026-06-17 01:26:23','2026-06-18 01:26:23',NULL,NULL,'2026-06-20 01:26:23','2026-06-20 01:26:23',NULL,NULL,NULL);
INSERT INTO tasks VALUES(23,1,1,1,8,NULL,NULL,1,'Sign sole mandate agreement with seller','Complete, review for accuracy, obtain required signatures, and file in the document vault.','document','urgent','completed','2026-06-07 01:26:23','2026-06-08 01:26:23',NULL,NULL,'2026-06-20 01:26:23','2026-06-20 01:26:23',NULL,NULL,NULL);
INSERT INTO tasks VALUES(24,1,2,1,9,NULL,NULL,NULL,'Send monthly activity report to principal','Draft and send a professional email with all relevant attachments and action items clearly listed.','email','low','completed','2026-06-14 01:26:23','2026-06-15 01:26:23',NULL,NULL,'2026-06-20 01:26:23','2026-06-20 01:26:23',NULL,NULL,NULL);
INSERT INTO tasks VALUES(25,1,1,1,6,NULL,NULL,NULL,'Chase outstanding rental payment — Contact 3','Follow up on the outstanding action item. If no response after 48 hours, escalate to principal.','follow_up','urgent','pending','2026-06-13 01:26:23',NULL,NULL,NULL,'2026-06-20 01:26:23','2026-06-20 01:26:23',NULL,NULL,NULL);
INSERT INTO tasks VALUES(26,1,2,1,10,NULL,NULL,NULL,'Renew expired listing mandate — Ikeja GRA','Complete, review for accuracy, obtain required signatures, and file in the document vault.','document','urgent','pending','2026-06-08 01:26:23',NULL,NULL,NULL,'2026-06-20 01:26:23','2026-06-20 01:26:23',NULL,NULL,NULL);
INSERT INTO tasks VALUES(27,1,1,1,3,NULL,NULL,NULL,'Schedule compliance inspection for commercial unit','Coordinate access with the seller or landlord, confirm the time with the buyer, and send a confirmation SMS.','viewing','high','pending','2026-06-09 01:26:23',NULL,NULL,NULL,'2026-06-20 01:26:23','2026-06-20 01:26:23',NULL,NULL,NULL);
CREATE TABLE IF NOT EXISTS "tenants" ("id" integer primary key autoincrement not null, "agency_id" integer not null, "contact_id" integer not null, "listing_id" integer, "assigned_agent_id" integer, "status" varchar check ("status" in ('prospect', 'active', 'vacating', 'vacated', 'blacklisted')) not null default 'prospect', "id_number" varchar, "employer" varchar, "monthly_income" numeric, "references" text, "fica_documents" text, "fica_verified_at" date, "notes" text, "created_at" datetime, "updated_at" datetime, "deleted_at" datetime, "portal_token" varchar, foreign key("agency_id") references "agencies"("id") on delete cascade, foreign key("contact_id") references "contacts"("id") on delete cascade, foreign key("listing_id") references "listings"("id") on delete set null, foreign key("assigned_agent_id") references "users"("id") on delete set null);
INSERT INTO tenants VALUES(1,1,3,NULL,NULL,'active',NULL,'Apex Tech Solutions',1500000,NULL,NULL,NULL,NULL,'2026-06-20 01:26:07','2026-06-20 01:26:07',NULL,NULL);
INSERT INTO tenants VALUES(2,2,20,NULL,NULL,'active',NULL,'Cape Peninsula University of Technology',55000,NULL,NULL,NULL,NULL,'2026-06-20 01:26:11','2026-06-20 01:26:11',NULL,NULL);
INSERT INTO tenants VALUES(3,1,28,21,2,'active',NULL,'First Bank Nigeria PLC',4500000,NULL,NULL,NULL,NULL,'2026-06-20 01:26:12','2026-06-20 01:26:12',NULL,NULL);
INSERT INTO tenants VALUES(4,1,29,22,1,'active',NULL,'MTN Nigeria Communications',3200000,NULL,NULL,NULL,NULL,'2026-06-20 01:26:12','2026-06-20 01:26:12',NULL,NULL);
INSERT INTO tenants VALUES(5,1,30,23,2,'active',NULL,'Dangote Industries Ltd',6000000,NULL,NULL,NULL,NULL,'2026-06-20 01:26:12','2026-06-20 01:26:12',NULL,NULL);
INSERT INTO tenants VALUES(6,1,31,24,1,'active',NULL,'Central Bank of Nigeria',5500000,NULL,NULL,NULL,NULL,'2026-06-20 01:26:12','2026-06-20 01:26:12',NULL,NULL);
INSERT INTO tenants VALUES(7,1,32,25,2,'active',NULL,'Guaranty Trust Bank PLC',2000000,NULL,NULL,NULL,NULL,'2026-06-20 01:26:13','2026-06-20 01:26:13',NULL,NULL);
INSERT INTO tenants VALUES(8,1,33,26,1,'vacating',NULL,'Nigerian National Petroleum Corporation',7000000,NULL,NULL,NULL,NULL,'2026-06-20 01:26:13','2026-06-20 01:26:13',NULL,NULL);
CREATE TABLE IF NOT EXISTS "leases" ("id" integer primary key autoincrement not null, "agency_id" integer not null, "tenant_id" integer not null, "listing_id" integer not null, "contact_id" integer, "assigned_agent_id" integer, "contract_id" integer, "reference" varchar not null, "status" varchar check ("status" in ('active', 'expiring_soon', 'expired', 'renewed', 'terminated')) not null default 'active', "start_date" date not null, "end_date" date not null, "monthly_rent" numeric not null, "deposit_amount" numeric, "escalation_percent" integer not null default '0', "payment_day" varchar check ("payment_day" in ('1', '2', '3', '5', '7', '10', '15', '25', '28', '30')) not null default '1', "bank_account" varchar, "special_conditions" text, "renewed_until" date, "created_at" datetime, "updated_at" datetime, "deleted_at" datetime, "reminder_30d_sent" tinyint(1) not null default '0', "reminder_14d_sent" tinyint(1) not null default '0', "reminder_7d_sent" tinyint(1) not null default '0', "deposit_refunded_at" datetime, "deposit_deductions" text, "reminder_0d_sent" tinyint(1) not null default '0', "payment_frequency" varchar check ("payment_frequency" in ('monthly', 'quarterly', 'bi_yearly', 'yearly')) not null default 'monthly', "agency_fee" numeric, "legal_fee" numeric, "service_charge" numeric, foreign key("agency_id") references "agencies"("id") on delete cascade, foreign key("tenant_id") references "tenants"("id") on delete cascade, foreign key("listing_id") references "listings"("id") on delete cascade, foreign key("contact_id") references "contacts"("id") on delete set null, foreign key("assigned_agent_id") references "users"("id") on delete set null, foreign key("contract_id") references "contracts"("id") on delete set null);
INSERT INTO leases VALUES(1,1,1,2,3,2,NULL,'LSE-0061CD6E','active','2026-03-20 00:00:00','2027-03-20 00:00:00',500000,1000000,0,'1',NULL,NULL,NULL,'2026-06-20 01:26:07','2026-06-20 01:26:07',NULL,0,0,0,NULL,NULL,0,'monthly',NULL,NULL,NULL);
INSERT INTO leases VALUES(2,2,2,19,20,5,NULL,'LSE-APX-1C7BB4','active','2026-04-20 00:00:00','2027-04-20 00:00:00',16500,33000,0,'1',NULL,NULL,NULL,'2026-06-20 01:26:11','2026-06-20 01:26:11',NULL,0,0,0,NULL,NULL,0,'monthly',NULL,NULL,NULL);
INSERT INTO leases VALUES(3,1,3,21,28,2,NULL,'LSE-NIVZDZ0Q','active','2025-10-01 00:00:00','2026-10-31 23:59:59',1200000,2400000,7.5,'1',NULL,NULL,NULL,'2026-06-20 01:26:12','2026-06-20 01:26:12',NULL,0,0,0,NULL,NULL,0,'monthly',NULL,NULL,NULL);
INSERT INTO leases VALUES(4,1,4,22,29,1,NULL,'LSE-REXIGN4O','active','2025-12-01 00:00:00','2026-12-31 23:59:59',850000,1700000,7.5,'5',NULL,NULL,NULL,'2026-06-20 01:26:12','2026-06-20 01:26:12',NULL,0,0,0,NULL,NULL,0,'monthly',NULL,NULL,NULL);
INSERT INTO leases VALUES(5,1,5,23,30,2,NULL,'LSE-9HRGAYVV','expiring_soon','2025-07-01 00:00:00','2026-07-31 23:59:59',1500000,3000000,10,'1',NULL,NULL,NULL,'2026-06-20 01:26:12','2026-06-20 01:26:12',NULL,0,0,0,NULL,NULL,0,'monthly',NULL,NULL,NULL);
INSERT INTO leases VALUES(6,1,6,24,31,1,NULL,'LSE-MJEENC2V','active','2026-01-01 00:00:00','2027-01-31 23:59:59',950000,1900000,7.5,'10',NULL,NULL,NULL,'2026-06-20 01:26:12','2026-06-20 01:26:12',NULL,0,0,0,NULL,NULL,0,'monthly',NULL,NULL,NULL);
INSERT INTO leases VALUES(7,1,7,25,32,2,NULL,'LSE-29HZYYT2','active','2026-03-01 00:00:00','2027-03-31 23:59:59',450000,900000,5,'1',NULL,NULL,NULL,'2026-06-20 01:26:13','2026-06-20 01:26:13',NULL,0,0,0,NULL,NULL,0,'monthly',NULL,NULL,NULL);
INSERT INTO leases VALUES(8,1,8,26,33,1,NULL,'LSE-3TZZFSRT','terminated','2025-05-01 00:00:00','2026-05-31 23:59:59',2000000,4000000,10,'1',NULL,NULL,NULL,'2026-06-20 01:26:13','2026-06-20 01:26:13',NULL,0,0,0,NULL,NULL,0,'monthly',NULL,NULL,NULL);
CREATE TABLE IF NOT EXISTS "rent_payments" ("id" integer primary key autoincrement not null, "agency_id" integer not null, "lease_id" integer not null, "tenant_id" integer not null, "reference" varchar not null, "amount_due" numeric not null, "amount_paid" numeric, "penalty" numeric not null default '0', "status" varchar check ("status" in ('pending', 'partial', 'paid', 'overdue', 'waived')) not null default 'pending', "due_date" date not null, "paid_date" date, "payment_method" varchar, "proof_of_payment" varchar, "notes" text, "created_at" datetime, "updated_at" datetime, foreign key("agency_id") references "agencies"("id") on delete cascade, foreign key("lease_id") references "leases"("id") on delete cascade, foreign key("tenant_id") references "tenants"("id") on delete cascade);
INSERT INTO rent_payments VALUES(1,1,1,1,'PMT-F23125E9',500000,500000,0,'paid','2026-06-10 00:00:00','2026-06-11 00:00:00','bank_transfer',NULL,NULL,'2026-06-20 01:26:07','2026-06-20 01:26:07');
INSERT INTO rent_payments VALUES(2,2,2,2,'PMT-APX-55211F',16500,16500,0,'paid','2026-06-01 00:00:00','2026-06-02 00:00:00','eft',NULL,NULL,'2026-06-20 01:26:11','2026-06-20 01:26:11');
INSERT INTO rent_payments VALUES(3,1,3,3,'PAY-7OFNDIAH',1200000,1200000,0,'paid','2025-10-01 00:00:00','2025-10-01 00:00:00','cash',NULL,NULL,'2026-06-20 01:26:12','2026-06-20 01:26:12');
INSERT INTO rent_payments VALUES(4,1,3,3,'PAY-CFBHPXAI',1200000,1200000,0,'paid','2025-11-01 00:00:00','2025-11-03 00:00:00','card',NULL,NULL,'2026-06-20 01:26:12','2026-06-20 01:26:12');
INSERT INTO rent_payments VALUES(5,1,3,3,'PAY-TQDDXVLE',1200000,1200000,0,'paid','2025-12-01 00:00:00','2025-12-04 00:00:00','bank_transfer',NULL,NULL,'2026-06-20 01:26:12','2026-06-20 01:26:12');
INSERT INTO rent_payments VALUES(6,1,3,3,'PAY-2UCGVBIY',1200000,1200000,0,'paid','2026-01-01 00:00:00','2026-01-03 00:00:00','bank_transfer',NULL,NULL,'2026-06-20 01:26:12','2026-06-20 01:26:12');
INSERT INTO rent_payments VALUES(7,1,3,3,'PAY-WHEFCZXL',1200000,1200000,0,'paid','2026-02-01 00:00:00','2026-02-02 00:00:00','cash',NULL,NULL,'2026-06-20 01:26:12','2026-06-20 01:26:12');
INSERT INTO rent_payments VALUES(8,1,3,3,'PAY-BRXKF0P2',1200000,1200000,0,'paid','2026-03-01 00:00:00','2026-03-01 00:00:00','bank_transfer',NULL,NULL,'2026-06-20 01:26:12','2026-06-20 01:26:12');
INSERT INTO rent_payments VALUES(9,1,3,3,'PAY-CHZMWQQA',1200000,1200000,0,'paid','2026-04-01 00:00:00','2026-04-04 00:00:00','bank_transfer',NULL,NULL,'2026-06-20 01:26:12','2026-06-20 01:26:12');
INSERT INTO rent_payments VALUES(10,1,3,3,'PAY-PMEZ4VV7',1200000,1200000,0,'paid','2026-05-01 00:00:00','2026-05-02 00:00:00','cash',NULL,NULL,'2026-06-20 01:26:12','2026-06-20 01:26:12');
INSERT INTO rent_payments VALUES(11,1,3,3,'PAY-UBBQYCMB',1200000,1200000,0,'paid','2026-06-01 00:00:00','2026-06-03 00:00:00','cash',NULL,NULL,'2026-06-20 01:26:12','2026-06-20 01:26:12');
INSERT INTO rent_payments VALUES(12,1,4,4,'PAY-PQR2USHM',850000,850000,0,'paid','2025-12-05 00:00:00','2025-12-06 00:00:00','bank_transfer',NULL,NULL,'2026-06-20 01:26:12','2026-06-20 01:26:12');
INSERT INTO rent_payments VALUES(13,1,4,4,'PAY-4FCNVSCQ',850000,850000,0,'paid','2026-01-05 00:00:00','2026-01-05 00:00:00','cash',NULL,NULL,'2026-06-20 01:26:12','2026-06-20 01:26:12');
INSERT INTO rent_payments VALUES(14,1,4,4,'PAY-IIMA8DLJ',850000,850000,0,'paid','2026-02-05 00:00:00','2026-02-09 00:00:00','bank_transfer',NULL,NULL,'2026-06-20 01:26:12','2026-06-20 01:26:12');
INSERT INTO rent_payments VALUES(15,1,4,4,'PAY-RGAKODTR',850000,850000,0,'paid','2026-03-05 00:00:00','2026-03-08 00:00:00','card',NULL,NULL,'2026-06-20 01:26:12','2026-06-20 01:26:12');
INSERT INTO rent_payments VALUES(16,1,4,4,'PAY-IUMKZ5T3',850000,850000,0,'paid','2026-04-05 00:00:00','2026-04-08 00:00:00','bank_transfer',NULL,NULL,'2026-06-20 01:26:12','2026-06-20 01:26:12');
INSERT INTO rent_payments VALUES(17,1,4,4,'PAY-KIUBAOJR',850000,850000,0,'paid','2026-05-05 00:00:00','2026-05-09 00:00:00','cash',NULL,NULL,'2026-06-20 01:26:12','2026-06-20 01:26:12');
INSERT INTO rent_payments VALUES(18,1,4,4,'PAY-NLZCSJ9L',850000,850000,0,'paid','2026-06-05 00:00:00','2026-06-05 00:00:00','bank_transfer',NULL,NULL,'2026-06-20 01:26:12','2026-06-20 01:26:12');
INSERT INTO rent_payments VALUES(19,1,5,5,'PAY-RAOZ9MDG',1500000,1500000,0,'paid','2025-07-01 00:00:00','2025-07-03 00:00:00','bank_transfer',NULL,NULL,'2026-06-20 01:26:12','2026-06-20 01:26:12');
INSERT INTO rent_payments VALUES(20,1,5,5,'PAY-DCCMM19Z',1500000,1500000,0,'paid','2025-08-01 00:00:00','2025-08-02 00:00:00','bank_transfer',NULL,NULL,'2026-06-20 01:26:12','2026-06-20 01:26:12');
INSERT INTO rent_payments VALUES(21,1,5,5,'PAY-0LE8CR7T',1500000,1500000,0,'paid','2025-09-01 00:00:00','2025-09-03 00:00:00','bank_transfer',NULL,NULL,'2026-06-20 01:26:12','2026-06-20 01:26:12');
INSERT INTO rent_payments VALUES(22,1,5,5,'PAY-MTV6QWLB',1500000,1500000,0,'paid','2025-10-01 00:00:00','2025-10-02 00:00:00','bank_transfer',NULL,NULL,'2026-06-20 01:26:12','2026-06-20 01:26:12');
INSERT INTO rent_payments VALUES(23,1,5,5,'PAY-J7ZO7PI5',1500000,1500000,0,'paid','2025-11-01 00:00:00','2025-11-02 00:00:00','bank_transfer',NULL,NULL,'2026-06-20 01:26:12','2026-06-20 01:26:12');
INSERT INTO rent_payments VALUES(24,1,5,5,'PAY-ATNVHODQ',1500000,1500000,0,'paid','2025-12-01 00:00:00','2025-12-02 00:00:00','cash',NULL,NULL,'2026-06-20 01:26:12','2026-06-20 01:26:12');
INSERT INTO rent_payments VALUES(25,1,5,5,'PAY-P5HPIWMD',1500000,1500000,0,'paid','2026-01-01 00:00:00','2026-01-05 00:00:00','bank_transfer',NULL,NULL,'2026-06-20 01:26:12','2026-06-20 01:26:12');
INSERT INTO rent_payments VALUES(26,1,5,5,'PAY-OEN3YDIL',1500000,1500000,0,'paid','2026-02-01 00:00:00','2026-02-05 00:00:00','card',NULL,NULL,'2026-06-20 01:26:12','2026-06-20 01:26:12');
INSERT INTO rent_payments VALUES(27,1,5,5,'PAY-CPST6BXE',1500000,1500000,0,'paid','2026-03-01 00:00:00','2026-03-01 00:00:00','cash',NULL,NULL,'2026-06-20 01:26:12','2026-06-20 01:26:12');
INSERT INTO rent_payments VALUES(28,1,5,5,'PAY-IRYQZF0T',1500000,1500000,0,'paid','2026-04-01 00:00:00','2026-04-05 00:00:00','bank_transfer',NULL,NULL,'2026-06-20 01:26:12','2026-06-20 01:26:12');
INSERT INTO rent_payments VALUES(29,1,5,5,'PAY-IDSSEBEA',1500000,1500000,0,'paid','2026-05-01 00:00:00','2026-05-05 00:00:00','cash',NULL,NULL,'2026-06-20 01:26:12','2026-06-20 01:26:12');
INSERT INTO rent_payments VALUES(30,1,5,5,'PAY-YI2ZUZNF',1500000,1500000,0,'paid','2026-06-01 00:00:00','2026-06-04 00:00:00','card',NULL,NULL,'2026-06-20 01:26:12','2026-06-20 01:26:12');
INSERT INTO rent_payments VALUES(31,1,6,6,'PAY-FO7SPHPW',950000,950000,0,'paid','2026-01-10 00:00:00','2026-01-12 00:00:00','card',NULL,NULL,'2026-06-20 01:26:12','2026-06-20 01:26:12');
INSERT INTO rent_payments VALUES(32,1,6,6,'PAY-UKM4GLZS',950000,950000,0,'paid','2026-02-10 00:00:00','2026-02-12 00:00:00','card',NULL,NULL,'2026-06-20 01:26:12','2026-06-20 01:26:12');
INSERT INTO rent_payments VALUES(33,1,6,6,'PAY-D0ZYO0R3',950000,950000,0,'paid','2026-03-10 00:00:00','2026-03-12 00:00:00','bank_transfer',NULL,NULL,'2026-06-20 01:26:13','2026-06-20 01:26:13');
INSERT INTO rent_payments VALUES(34,1,6,6,'PAY-BX4ISPBK',950000,950000,0,'paid','2026-04-10 00:00:00','2026-04-12 00:00:00','card',NULL,NULL,'2026-06-20 01:26:13','2026-06-20 01:26:13');
INSERT INTO rent_payments VALUES(35,1,6,6,'PAY-B9VCRKMK',950000,950000,0,'paid','2026-05-10 00:00:00','2026-05-13 00:00:00','cash',NULL,NULL,'2026-06-20 01:26:13','2026-06-20 01:26:13');
INSERT INTO rent_payments VALUES(36,1,6,6,'PAY-CGD9YGM6',950000,950000,0,'paid','2026-06-10 00:00:00','2026-06-12 00:00:00','card',NULL,NULL,'2026-06-20 01:26:13','2026-06-20 01:26:13');
INSERT INTO rent_payments VALUES(37,1,7,7,'PAY-ENPT0SJ0',450000,450000,0,'paid','2026-03-01 00:00:00','2026-03-04 00:00:00','bank_transfer',NULL,NULL,'2026-06-20 01:26:13','2026-06-20 01:26:13');
INSERT INTO rent_payments VALUES(38,1,7,7,'PAY-ZUJYDEO7',450000,450000,0,'paid','2026-04-01 00:00:00','2026-04-02 00:00:00','bank_transfer',NULL,NULL,'2026-06-20 01:26:13','2026-06-20 01:26:13');
INSERT INTO rent_payments VALUES(39,1,7,7,'PAY-CWHM0SBN',450000,450000,0,'paid','2026-05-01 00:00:00','2026-05-01 00:00:00','card',NULL,NULL,'2026-06-20 01:26:13','2026-06-20 01:26:13');
INSERT INTO rent_payments VALUES(40,1,7,7,'PAY-U92BGCAB',450000,450000,0,'paid','2026-06-01 00:00:00','2026-06-03 00:00:00','cash',NULL,NULL,'2026-06-20 01:26:13','2026-06-20 01:26:13');
INSERT INTO rent_payments VALUES(41,1,8,8,'PAY-DBNG6OA3',2000000,2000000,0,'paid','2025-05-01 00:00:00','2025-05-04 00:00:00','card',NULL,NULL,'2026-06-20 01:26:13','2026-06-20 01:26:13');
INSERT INTO rent_payments VALUES(42,1,8,8,'PAY-5S8MNPBM',2000000,2000000,0,'paid','2025-06-01 00:00:00','2025-06-05 00:00:00','card',NULL,NULL,'2026-06-20 01:26:13','2026-06-20 01:26:13');
INSERT INTO rent_payments VALUES(43,1,8,8,'PAY-ULH8CEYZ',2000000,2000000,0,'paid','2025-07-01 00:00:00','2025-07-02 00:00:00','bank_transfer',NULL,NULL,'2026-06-20 01:26:13','2026-06-20 01:26:13');
INSERT INTO rent_payments VALUES(44,1,8,8,'PAY-GVHED6PG',2000000,2000000,0,'paid','2025-08-01 00:00:00','2025-08-05 00:00:00','bank_transfer',NULL,NULL,'2026-06-20 01:26:13','2026-06-20 01:26:13');
INSERT INTO rent_payments VALUES(45,1,8,8,'PAY-VF9VOVFV',2000000,2000000,0,'paid','2025-09-01 00:00:00','2025-09-03 00:00:00','bank_transfer',NULL,NULL,'2026-06-20 01:26:13','2026-06-20 01:26:13');
INSERT INTO rent_payments VALUES(46,1,8,8,'PAY-XOJLPE6O',2000000,2000000,0,'paid','2025-10-01 00:00:00','2025-10-04 00:00:00','bank_transfer',NULL,NULL,'2026-06-20 01:26:13','2026-06-20 01:26:13');
INSERT INTO rent_payments VALUES(47,1,8,8,'PAY-0GEEI1ML',2000000,2000000,0,'paid','2025-11-01 00:00:00','2025-11-04 00:00:00','bank_transfer',NULL,NULL,'2026-06-20 01:26:13','2026-06-20 01:26:13');
INSERT INTO rent_payments VALUES(48,1,8,8,'PAY-FAQ9MG7M',2000000,2000000,0,'paid','2025-12-01 00:00:00','2025-12-05 00:00:00','cash',NULL,NULL,'2026-06-20 01:26:13','2026-06-20 01:26:13');
INSERT INTO rent_payments VALUES(49,1,8,8,'PAY-4GM0TD8Z',2000000,2000000,0,'paid','2026-01-01 00:00:00','2026-01-05 00:00:00','bank_transfer',NULL,NULL,'2026-06-20 01:26:13','2026-06-20 01:26:13');
INSERT INTO rent_payments VALUES(50,1,8,8,'PAY-GFY5WSQI',2000000,2000000,0,'paid','2026-02-01 00:00:00','2026-02-01 00:00:00','bank_transfer',NULL,NULL,'2026-06-20 01:26:13','2026-06-20 01:26:13');
INSERT INTO rent_payments VALUES(51,1,8,8,'PAY-LU04K9OJ',2000000,2000000,0,'paid','2026-03-01 00:00:00','2026-03-03 00:00:00','bank_transfer',NULL,NULL,'2026-06-20 01:26:13','2026-06-20 01:26:13');
INSERT INTO rent_payments VALUES(52,1,8,8,'PAY-SHRAQREE',2000000,2000000,0,'paid','2026-04-01 00:00:00','2026-04-02 00:00:00','bank_transfer',NULL,NULL,'2026-06-20 01:26:13','2026-06-20 01:26:13');
INSERT INTO rent_payments VALUES(53,1,8,8,'PAY-EO4OTC5D',2000000,2000000,0,'paid','2026-05-01 00:00:00','2026-05-03 00:00:00','cash',NULL,NULL,'2026-06-20 01:26:13','2026-06-20 01:26:13');
CREATE TABLE IF NOT EXISTS "inspections" ("id" integer primary key autoincrement not null, "agency_id" integer not null, "listing_id" integer, "deal_id" integer, "transaction_id" integer, "lease_id" integer, "assigned_agent_id" integer, "inspector_name" varchar, "inspector_company" varchar, "type" varchar check ("type" in ('pre_purchase', 'pre_rental', 'routine', 'exit', 'appraisal', 'building', 'pest', 'electrical', 'plumbing')) not null default 'pre_purchase', "status" varchar check ("status" in ('scheduled', 'in_progress', 'completed', 'cancelled')) not null default 'scheduled', "result" varchar check ("result" in ('pass', 'pass_with_conditions', 'fail', 'pending')) not null default 'pending', "scheduled_at" datetime not null, "completed_at" datetime, "summary" text, "findings" text, "report_path" varchar, "cost" numeric, "created_at" datetime, "updated_at" datetime, foreign key("agency_id") references "agencies"("id") on delete cascade, foreign key("listing_id") references "listings"("id") on delete set null, foreign key("deal_id") references "deals"("id") on delete set null, foreign key("transaction_id") references "transactions"("id") on delete set null, foreign key("lease_id") references "leases"("id") on delete set null, foreign key("assigned_agent_id") references "users"("id") on delete set null);
CREATE TABLE IF NOT EXISTS "email_templates" ("id" integer primary key autoincrement not null, "agency_id" integer not null, "name" varchar not null, "slug" varchar not null, "subject" varchar not null, "body_html" text not null, "body_text" text, "category" varchar check ("category" in ('lead', 'listing', 'offer', 'transaction', 'lease', 'marketing', 'system')) not null default 'system', "available_variables" text, "is_active" tinyint(1) not null default '1', "created_at" datetime, "updated_at" datetime, foreign key("agency_id") references "agencies"("id") on delete cascade);
/****** CORRUPTION ERROR *******/
CREATE TABLE IF NOT EXISTS "sms_messages" ("id" integer primary key autoincrement not null, "agency_id" integer not null, "contact_id" integer, "sent_by" integer, "to_number" varchar not null, "from_number" varchar, "body" text not null, "direction" varchar check ("direction" in ('outbound', 'inbound')) not null default 'outbound', "status" varchar check ("status" in ('queued', 'sent', 'delivered', 'failed', 'undelivered')) not null default 'queued', "provider" varchar not null default 'twilio', "provider_message_id" varchar, "cost" numeric, "error_message" text, "sent_at" datetime, "delivered_at" datetime, "created_at" datetime, "updated_at" datetime, foreign key("agency_id") references "agencies"("id") on delete cascade, foreign key("contact_id") references "contacts"("id") on delete set null, foreign key("sent_by") references "users"("id") on delete set null);
INSERT INTO sms_messages VALUES(1,1,12,2,'+2348000000012','+23480VILLACRM01','Hi Test Contact 1, your viewing for 7 Adeola Odeku St is confirmed for Thu 29 May at 10am. Reply STOP to opt out.','outbound','delivered','twilio','SMIH2D5WAHPNKKT62FT7GB5S1MSRWE2IJW',0.00749999999999999972,NULL,'2026-06-14 09:22:00','2026-06-14 09:22:23','2026-06-20 01:26:25','2026-06-20 01:26:25');
INSERT INTO sms_messages VALUES(2,1,12,NULL,'+23480VILLACRM01','+2348000000012','Confirmed, see you Thursday!','inbound','delivered','twilio','SMJZCR72RE09BWZXJ6PX8DJMMUBBBJE0IZ',NULL,NULL,'2026-06-14 11:36:00','2026-06-14 11:36:26','2026-06-20 01:26:25','2026-06-20 01:26:25');
INSERT INTO sms_messages VALUES(3,1,12,2,'+2348000000012','+23480VILLACRM01','Congratulations! Your offer on 7 Adeola Odeku has been accepted. We will contact you shortly to proceed.','outbound','delivered','twilio','SMMKRIGEPMMWBH48ETWKPAKEQWOKUFH3NV',0.00749999999999999972,NULL,'2026-06-17 18:33:00','2026-06-17 18:33:22','2026-06-20 01:26:25','2026-06-20 01:26:25');
INSERT INTO sms_messages VALUES(4,1,28,2,'+2348031234501','+23480VILLACRM01','Hello Tunde, we have a new 5-bed in Lekki Phase 1 matching your criteria at ₦185M. Interested? Call 0800-VILLACRM or reply YES.','outbound','delivered','twilio','SMYLFDV5REEZ7DZ56EPRUCUG7IE12FCE24',0.00749999999999999972,NULL,'2026-06-06 15:46:00','2026-06-06 15:46:30','2026-06-20 01:26:25','2026-06-20 01:26:25');
INSERT INTO sms_messages VALUES(5,1,28,NULL,'+23480VILLACRM01','+2348031234501','YES please send details','inbound','delivered','twilio','SMSNY5YO0ITN0A6K1ACSX0HXEQZZQVPROJ',NULL,NULL,'2026-06-06 14:08:00','2026-06-06 14:08:03','2026-06-20 01:26:25','2026-06-20 01:26:25');
INSERT INTO sms_messages VALUES(6,1,28,2,'+2348031234501','+23480VILLACRM01','Viewing confirmed: 22 Admiralty Way, Lekki Phase 1 tomorrow 11am. Address pin sent to your WhatsApp.','outbound','delivered','twilio','SMD0TCOABLM0FZSPNB4QF0VU0KUEPNNXTO',0.00749999999999999972,NULL,'2026-06-09 15:14:00','2026-06-09 15:14:16','2026-06-20 01:26:25','2026-06-20 01:26:25');
INSERT INTO sms_messages VALUES(7,1,31,2,'+2348031234504','+23480VILLACRM01','Dear Tenant, your rent of ₦1,500,000 for June 2026 is due on 01 Jun. Bank: GTB | Acc: 0123456789 | Ref: LSE-DEMO. Thank you.','outbound','delivered','twilio','SMESMZ7BCAPI150V0WZCRTWCWQ5OBGRNAD',0.00749999999999999972,NULL,'2026-06-13 08:52:00','2026-06-13 08:52:20','2026-06-20 01:26:25','2026-06-20 01:26:25');
INSERT INTO sms_messages VALUES(8,1,31,NULL,'+23480VILLACRM01','+2348031234504','Payment made. Please confirm receipt.','inbound','delivered','twilio','SMWEPN5NDDYL2PZCW8GSYJ0WOD1JACF1TH',NULL,NULL,'2026-06-15 08:37:00','2026-06-15 08:37:18','2026-06-20 01:26:25','2026-06-20 01:26:25');
INSERT INTO sms_messages VALUES(9,1,31,2,'+2348031234504','+23480VILLACRM01','Payment confirmed ✓ Thank you! Ref PAY-JUNE2026. Receipt will be emailed within 24hrs.','outbound','delivered','twilio','SMYUF0Q4LXZIBCV3FV7GDQX4IS4BKQ3ZHE',0.00749999999999999972,NULL,'2026-06-15 09:10:00','2026-06-15 09:10:12','2026-06-20 01:26:26','2026-06-20 01:26:26');
INSERT INTO sms_messages VALUES(10,1,33,2,'+2348031234506','+23480VILLACRM01','Demo Agency: Your lease inspection is scheduled for 05 Jun 2026 at 10am. Please ensure the property is accessible.','outbound','failed','twilio','SMSCLRTYTP9GC2WYWDJLANZFGCJFMSQDZ2',0.00749999999999999972,NULL,'2026-06-17 14:20:00',NULL,'2026-06-20 01:26:26','2026-06-20 01:26:26');
INSERT INTO sms_messages VALUES(11,1,10,2,'+2348000000010','+23480VILLACRM01','Hi! Following up on the Maitama property you enquired about. It''s still available. Would you like to arrange a viewing this week?','outbound','delivered','twilio','SMCC6MWU2TDXOHIOZFRCU1HENCM9DDP3C1',0.00749999999999999972,NULL,'2026-06-19 09:02:00','2026-06-19 09:02:12','2026-06-20 01:26:26','2026-06-20 01:26:26');
INSERT INTO sms_messages VALUES(12,1,10,NULL,'+23480VILLACRM01','+2348000000010','Yes, Saturday morning works for me.','inbound','delivered','twilio','SMRXBOQEBFIVYNLQPAR8QBTDF1HN0V9EJB',NULL,NULL,'2026-06-20 10:03:00','2026-06-20 10:03:15','2026-06-20 01:26:26','2026-06-20 01:26:26');
INSERT INTO sms_messages VALUES(13,1,10,2,'+2348000000010','+23480VILLACRM01','Perfect! Saturday 07 Jun at 9am. 45 Aso Drive, Maitama. See you then!','outbound','sent','twilio','SMM7CLF6QOBDDG7R9TVTJ7YA2HFI188DMF',0.00749999999999999972,NULL,'2026-06-20 16:06:00',NULL,'2026-06-20 01:26:26','2026-06-20 01:26:26');
CREATE TABLE IF NOT EXISTS "lead_routing_rules" ("id" integer primary key autoincrement not null, "agency_id" integer not null, "name" varchar not null, "strategy" varchar check ("strategy" in ('round_robin', 'territory', 'load_balanced', 'specific_agent')) not null default 'round_robin', "conditions" text, "agent_ids" text, "priority" integer not null default '0', "is_active" tinyint(1) not null default '1', "current_index" integer not null default '0', "created_at" datetime, "updated_at" datetime, foreign key("agency_id") references "agencies"("id") on delete cascade);
CREATE TABLE IF NOT EXISTS "commission_split_configs" ("id" integer primary key autoincrement not null, "agency_id" integer not null, "user_id" integer, "name" varchar not null, "applies_to" varchar check ("applies_to" in ('agency_default', 'role', 'agent')) not null default 'agency_default', "role" varchar, "commission_rate" numeric not null default '5', "agent_split" numeric not null default '50', "agency_split" numeric not null default '50', "referral_split" numeric not null default '0', "franchise_fee" numeric not null default '0', "is_active" tinyint(1) not null default '1', "created_at" datetime, "updated_at" datetime, foreign key("agency_id") references "agencies"("id") on delete cascade, foreign key("user_id") references "users"("id") on delete set null);
INSERT INTO commission_split_configs VALUES(1,1,NULL,'Agency Default Split','agency_default',NULL,5,60,40,0,0,1,'2026-06-20 01:26:02','2026-06-20 01:26:02');
INSERT INTO commission_split_configs VALUES(2,1,NULL,'Principal Role Split Override','role','principal',5,70,30,0,0,1,'2026-06-20 01:26:02','2026-06-20 01:26:02');
INSERT INTO commission_split_configs VALUES(3,1,2,'Top Producer Agent Split','agent',NULL,5,80,20,0,0,1,'2026-06-20 01:26:02','2026-06-20 01:26:02');
INSERT INTO commission_split_configs VALUES(4,2,NULL,'Apex Default Split','agency_default',NULL,6,55,45,0,0,1,'2026-06-20 01:26:11','2026-06-20 01:26:11');
INSERT INTO commission_split_configs VALUES(5,2,NULL,'MD Override','role','principal',6,75,25,0,0,1,'2026-06-20 01:26:11','2026-06-20 01:26:11');
CREATE TABLE IF NOT EXISTS "cma_reports" ("id" integer primary key autoincrement not null, "agency_id" integer not null, "listing_id" integer, "contact_id" integer, "created_by" integer, "title" varchar not null, "subject_address" varchar not null, "estimated_value_low" numeric, "estimated_value_high" numeric, "recommended_list_price" numeric, "comparable_sales" text, "market_stats" text, "summary" text, "pdf_path" varchar, "created_at" datetime, "updated_at" datetime, foreign key("agency_id") references "agencies"("id") on delete cascade, foreign key("listing_id") references "listings"("id") on delete set null, foreign key("contact_id") references "contacts"("id") on delete set null, foreign key("created_by") references "users"("id") on delete set null);
CREATE TABLE IF NOT EXISTS "agent_devices" ("id" integer primary key autoincrement not null, "agency_id" integer not null, "user_id" integer not null, "platform" varchar check ("platform" in ('ios', 'android')) not null, "push_token" text not null, "push_type" varchar check ("push_type" in ('fcm', 'apns', 'voip')) not null default 'fcm', "device_name" varchar, "last_seen_at" datetime, "created_at" datetime, "updated_at" datetime, foreign key("agency_id") references "agencies"("id") on delete cascade, foreign key("user_id") references "users"("id") on delete cascade);
CREATE TABLE IF NOT EXISTS "call_summaries" ("id" integer primary key autoincrement not null, "call_id" integer not null, "summary_text" text not null, "key_points" text, "sentiment" varchar check ("sentiment" in ('hot', 'warm', 'cold', 'neutral')) not null default 'neutral', "sentiment_score" integer not null default '50', "action_items" text, "suggested_next_step" text, "gpt_model" varchar not null default 'gpt-4o', "agent_confirmed_at" datetime, "agent_edited" tinyint(1) not null default '0', "created_at" datetime, "updated_at" datetime, foreign key("call_id") references "calls"("id") on delete cascade);
CREATE TABLE IF NOT EXISTS "call_transcripts" ("id" integer primary key autoincrement not null, "call_id" integer not null, "full_text" text not null, "speaker_segments" text, "word_count" integer not null default '0', "language" varchar not null default 'en', "whisper_model" varchar not null default 'whisper-1', "processing_seconds" integer, "created_at" datetime, "updated_at" datetime, foreign key("call_id") references "calls"("id") on delete cascade);
CREATE TABLE IF NOT EXISTS "calls" ("id" integer primary key autoincrement not null, "agency_id" integer not null, "agent_id" integer not null, "contact_id" integer, "direction" varchar not null, "status" varchar not null default ('initiated'), "provider_call_sid" varchar, "twilio_number" varchar, "remote_number" varchar, "duration_seconds" integer, "recording_url" varchar, "recording_sid" varchar, "consent_played" tinyint(1) not null default ('0'), "started_at" datetime, "ended_at" datetime, "created_at" datetime, "updated_at" datetime, "flagged_for_coaching" tinyint(1) not null default '0', "coaching_notes" text, "flagged_by" integer, "live_transcript_channel" varchar, "livekit_room_name" varchar, foreign key("contact_id") references contacts("id") on delete set null on update no action, foreign key("agent_id") references users("id") on delete cascade on update no action, foreign key("agency_id") references agencies("id") on delete cascade on update no action, foreign key("flagged_by") references "users"("id") on delete set null);
CREATE TABLE IF NOT EXISTS "maintenance_requests" ("id" integer primary key autoincrement not null, "agency_id" integer not null, "tenant_id" integer not null, "lease_id" integer, "title" varchar not null, "description" text not null, "priority" varchar check ("priority" in ('low', 'medium', 'high', 'urgent')) not null default 'medium', "status" varchar check ("status" in ('open', 'in_progress', 'resolved', 'closed')) not null default 'open', "resolved_at" datetime, "resolution_notes" text, "created_at" datetime, "updated_at" datetime, "deleted_at" datetime, foreign key("agency_id") references "agencies"("id") on delete cascade, foreign key("tenant_id") references "tenants"("id") on delete cascade, foreign key("lease_id") references "leases"("id") on delete set null);
CREATE TABLE IF NOT EXISTS "invoices" ("id" integer primary key autoincrement not null, "agency_id" integer not null, "lease_id" integer, "tenant_id" integer, "reference" varchar not null, "type" varchar check ("type" in ('rent', 'commission', 'maintenance', 'utility', 'other')) not null default 'rent', "status" varchar check ("status" in ('draft', 'sent', 'paid', 'partially_paid', 'overdue', 'void')) not null default 'draft', "subtotal" numeric not null default '0', "tax_amount" numeric not null default '0', "total" numeric not null default '0', "amount_paid" numeric not null default '0', "due_date" date not null, "issued_at" datetime, "paid_at" datetime, "period_month" integer not null, "period_year" integer not null, "notes" text, "payment_gateway" varchar, "gateway_payment_id" varchar, "gateway_payment_url" varchar, "created_at" datetime, "updated_at" datetime, "deleted_at" datetime, foreign key("agency_id") references "agencies"("id") on delete cascade, foreign key("lease_id") references "leases"("id") on delete set null, foreign key("tenant_id") references "tenants"("id") on delete set null);
INSERT INTO invoices VALUES(1,1,1,1,'INV-6635A03F','rent','paid',500000,0,500000,500000,'2026-06-10 00:00:00',NULL,'2026-06-11 01:26:07',5,2026,NULL,NULL,NULL,NULL,'2026-06-20 01:26:07','2026-06-20 01:26:07',NULL);
INSERT INTO invoices VALUES(2,2,2,2,'INV-APX-E2ECAB','rent','paid',16500,0,16500,16500,'2026-06-01 00:00:00',NULL,'2026-06-02 00:00:00',6,2026,NULL,NULL,NULL,NULL,'2026-06-20 01:26:11','2026-06-20 01:26:11',NULL);
INSERT INTO invoices VALUES(3,1,1,1,'INV-EYJS98OX','rent','overdue',550000,0,550000,0,'2026-03-01 00:00:00','2026-02-24 00:00:00',NULL,3,2026,NULL,NULL,NULL,NULL,'2026-06-20 01:26:13','2026-06-20 01:26:13',NULL);
INSERT INTO invoices VALUES(4,1,1,1,'INV-MYJGS4TP','rent','overdue',550000,0,550000,0,'2026-04-01 00:00:00','2026-03-27 00:00:00',NULL,4,2026,NULL,NULL,NULL,NULL,'2026-06-20 01:26:13','2026-06-20 01:26:13',NULL);
INSERT INTO invoices VALUES(5,1,1,1,'INV-NU5BPJSQ','rent','overdue',550000,0,550000,0,'2026-06-01 00:00:00','2026-05-27 00:00:00',NULL,6,2026,NULL,NULL,NULL,NULL,'2026-06-20 01:26:13','2026-06-20 01:26:13',NULL);
INSERT INTO invoices VALUES(6,1,3,3,'INV-EBD0BLYK','rent','overdue',1260000,0,1260000,0,'2025-10-01 00:00:00','2025-09-26 00:00:00',NULL,10,2025,NULL,NULL,NULL,NULL,'2026-06-20 01:26:13','2026-06-20 01:26:14',NULL);
INSERT INTO invoices VALUES(7,1,3,3,'INV-OBY8HSWB','rent','overdue',1260000,0,1260000,0,'2025-11-01 00:00:00','2025-10-27 00:00:00',NULL,11,2025,NULL,NULL,NULL,NULL,'2026-06-20 01:26:14','2026-06-20 01:26:14',NULL);
INSERT INTO invoices VALUES(8,1,3,3,'INV-1HN8OP76','rent','overdue',1260000,0,1260000,0,'2025-12-01 00:00:00','2025-11-26 00:00:00',NULL,12,2025,NULL,NULL,NULL,NULL,'2026-06-20 01:26:14','2026-06-20 01:26:14',NULL);
INSERT INTO invoices VALUES(9,1,3,3,'INV-DBSSY4UV','rent','overdue',1260000,0,1260000,0,'2026-01-01 00:00:00','2025-12-27 00:00:00',NULL,1,2026,NULL,NULL,NULL,NULL,'2026-06-20 01:26:14','2026-06-20 01:26:14',NULL);
INSERT INTO invoices VALUES(10,1,3,3,'INV-5IL4PTWJ','rent','overdue',1260000,0,1260000,0,'2026-02-01 00:00:00','2026-01-27 00:00:00',NULL,2,2026,NULL,NULL,NULL,NULL,'2026-06-20 01:26:14','2026-06-20 01:26:14',NULL);
INSERT INTO invoices VALUES(11,1,3,3,'INV-M79UQEW4','rent','overdue',1260000,0,1260000,0,'2026-03-01 00:00:00','2026-02-24 00:00:00',NULL,3,2026,NULL,NULL,NULL,NULL,'2026-06-20 01:26:14','2026-06-20 01:26:14',NULL);
INSERT INTO invoices VALUES(12,1,3,3,'INV-RP1SJXWB','rent','overdue',1260000,0,1260000,0,'2026-04-01 00:00:00','2026-03-27 00:00:00',NULL,4,2026,NULL,NULL,NULL,NULL,'2026-06-20 01:26:14','2026-06-20 01:26:14',NULL);
INSERT INTO invoices VALUES(13,1,3,3,'INV-PV7QFZZQ','rent','overdue',1260000,0,1260000,0,'2026-05-01 00:00:00','2026-04-26 00:00:00',NULL,5,2026,NULL,NULL,NULL,NULL,'2026-06-20 01:26:14','2026-06-20 01:26:14',NULL);
INSERT INTO invoices VALUES(14,1,3,3,'INV-0ZDIZO8S','rent','overdue',1260000,0,1260000,0,'2026-06-01 00:00:00','2026-05-27 00:00:00',NULL,6,2026,NULL,NULL,NULL,NULL,'2026-06-20 01:26:14','2026-06-20 01:26:14',NULL);
INSERT INTO invoices VALUES(15,1,4,4,'INV-FKIOSKEQ','rent','overdue',900000,0,900000,0,'2025-12-05 00:00:00','2025-11-30 00:00:00',NULL,12,2025,NULL,NULL,NULL,NULL,'2026-06-20 01:26:14','2026-06-20 01:26:14',NULL);
INSERT INTO invoices VALUES(16,1,4,4,'INV-5JWVML8P','rent','overdue',900000,0,900000,0,'2026-01-05 00:00:00','2025-12-31 00:00:00',NULL,1,2026,NULL,NULL,NULL,NULL,'2026-06-20 01:26:14','2026-06-20 01:26:14',NULL);
INSERT INTO invoices VALUES(17,1,4,4,'INV-ELDQKMO6','rent','overdue',900000,0,900000,0,'2026-02-05 00:00:00','2026-01-31 00:00:00',NULL,2,2026,NULL,NULL,NULL,NULL,'2026-06-20 01:26:14','2026-06-20 01:26:17',NULL);
INSERT INTO invoices VALUES(18,1,4,4,'INV-FQ80ANRN','rent','overdue',900000,0,900000,0,'2026-03-05 00:00:00','2026-02-28 00:00:00',NULL,3,2026,NULL,NULL,NULL,NULL,'2026-06-20 01:26:17','2026-06-20 01:26:17',NULL);
INSERT INTO invoices VALUES(19,1,4,4,'INV-BCQPHDKJ','rent','overdue',900000,0,900000,0,'2026-04-05 00:00:00','2026-03-31 00:00:00',NULL,4,2026,NULL,NULL,NULL,NULL,'2026-06-20 01:26:17','2026-06-20 01:26:18',NULL);
INSERT INTO invoices VALUES(20,1,4,4,'INV-X1MFAJLA','rent','overdue',900000,0,900000,0,'2026-05-05 00:00:00','2026-04-30 00:00:00',NULL,5,2026,NULL,NULL,NULL,NULL,'2026-06-20 01:26:18','2026-06-20 01:26:18',NULL);
INSERT INTO invoices VALUES(21,1,4,4,'INV-D2FSZSV1','rent','overdue',900000,0,900000,0,'2026-06-05 00:00:00','2026-05-31 00:00:00',NULL,6,2026,NULL,NULL,NULL,NULL,'2026-06-20 01:26:18','2026-06-20 01:26:18',NULL);
INSERT INTO invoices VALUES(22,1,6,6,'INV-ZNG7IZ17','rent','overdue',1000000,0,1000000,0,'2026-01-10 00:00:00','2026-01-05 00:00:00',NULL,1,2026,NULL,NULL,NULL,NULL,'2026-06-20 01:26:18','2026-06-20 01:26:18',NULL);
INSERT INTO invoices VALUES(23,1,6,6,'INV-DQMSP2LN','rent','overdue',1000000,0,1000000,0,'2026-02-10 00:00:00','2026-02-05 00:00:00',NULL,2,2026,NULL,NULL,NULL,NULL,'2026-06-20 01:26:18','2026-06-20 01:26:18',NULL);
INSERT INTO invoices VALUES(24,1,6,6,'INV-2FPZTFWG','rent','overdue',1000000,0,1000000,0,'2026-03-10 00:00:00','2026-03-05 00:00:00',NULL,3,2026,NULL,NULL,NULL,NULL,'2026-06-20 01:26:18','2026-06-20 01:26:18',NULL);
INSERT INTO invoices VALUES(25,1,6,6,'INV-CBMIY795','rent','overdue',1000000,0,1000000,0,'2026-04-10 00:00:00','2026-04-05 00:00:00',NULL,4,2026,NULL,NULL,NULL,NULL,'2026-06-20 01:26:18','2026-06-20 01:26:18',NULL);
INSERT INTO invoices VALUES(26,1,6,6,'INV-EXPWZM8O','rent','overdue',1000000,0,1000000,0,'2026-05-10 00:00:00','2026-05-05 00:00:00',NULL,5,2026,NULL,NULL,NULL,NULL,'2026-06-20 01:26:18','2026-06-20 01:26:18',NULL);
INSERT INTO invoices VALUES(27,1,6,6,'INV-2P5PLT02','rent','overdue',950000,0,950000,0,'2026-06-10 00:00:00','2026-06-05 00:00:00',NULL,6,2026,NULL,NULL,NULL,NULL,'2026-06-20 01:26:18','2026-06-20 01:26:18',NULL);
INSERT INTO invoices VALUES(28,1,7,7,'INV-DDE3JAX6','rent','overdue',500000,0,500000,0,'2026-03-01 00:00:00','2026-02-24 00:00:00',NULL,3,2026,NULL,NULL,NULL,NULL,'2026-06-20 01:26:18','2026-06-20 01:26:18',NULL);
INSERT INTO invoices VALUES(29,1,7,7,'INV-ZWYEFYFY','rent','overdue',500000,0,500000,0,'2026-04-01 00:00:00','2026-03-27 00:00:00',NULL,4,2026,NULL,NULL,NULL,NULL,'2026-06-20 01:26:18','2026-06-20 01:26:18',NULL);
INSERT INTO invoices VALUES(30,1,7,7,'INV-WJB9RSCO','rent','overdue',500000,0,500000,0,'2026-05-01 00:00:00','2026-04-26 00:00:00',NULL,5,2026,NULL,NULL,NULL,NULL,'2026-06-20 01:26:18','2026-06-20 01:26:18',NULL);
INSERT INTO invoices VALUES(31,1,7,7,'INV-DP0HIFHT','rent','overdue',500000,0,500000,0,'2026-06-01 00:00:00','2026-05-27 00:00:00',NULL,6,2026,NULL,NULL,NULL,NULL,'2026-06-20 01:26:18','2026-06-20 01:26:19',NULL);
INSERT INTO invoices VALUES(32,1,5,5,'INV-BZWSMOI2','rent','overdue',1575000,0,1575000,0,'2025-07-01 00:00:00','2025-06-26 00:00:00',NULL,7,2025,NULL,NULL,NULL,NULL,'2026-06-20 01:26:19','2026-06-20 01:26:19',NULL);
INSERT INTO invoices VALUES(33,1,5,5,'INV-OEMXWRQI','rent','overdue',1575000,0,1575000,0,'2025-08-01 00:00:00','2025-07-27 00:00:00',NULL,8,2025,NULL,NULL,NULL,NULL,'2026-06-20 01:26:19','2026-06-20 01:26:19',NULL);
INSERT INTO invoices VALUES(34,1,5,5,'INV-YIEUR8JQ','rent','overdue',1575000,0,1575000,0,'2025-09-01 00:00:00','2025-08-27 00:00:00',NULL,9,2025,NULL,NULL,NULL,NULL,'2026-06-20 01:26:19','2026-06-20 01:26:19',NULL);
INSERT INTO invoices VALUES(35,1,5,5,'INV-WFL3DOKQ','rent','overdue',1575000,0,1575000,0,'2025-10-01 00:00:00','2025-09-26 00:00:00',NULL,10,2025,NULL,NULL,NULL,NULL,'2026-06-20 01:26:19','2026-06-20 01:26:19',NULL);
INSERT INTO invoices VALUES(36,1,5,5,'INV-EEFGRDOU','rent','overdue',1575000,0,1575000,0,'2025-11-01 00:00:00','2025-10-27 00:00:00',NULL,11,2025,NULL,NULL,NULL,NULL,'2026-06-20 01:26:19','2026-06-20 01:26:19',NULL);
INSERT INTO invoices VALUES(37,1,5,5,'INV-LGWZSYFD','rent','overdue',1575000,0,1575000,0,'2025-12-01 00:00:00','2025-11-26 00:00:00',NULL,12,2025,NULL,NULL,NULL,NULL,'2026-06-20 01:26:19','2026-06-20 01:26:19',NULL);
INSERT INTO invoices VALUES(38,1,5,5,'INV-WCBSQVOP','rent','overdue',1575000,0,1575000,0,'2026-01-01 00:00:00','2025-12-27 00:00:00',NULL,1,2026,NULL,NULL,NULL,NULL,'2026-06-20 01:26:19','2026-06-20 01:26:19',NULL);
INSERT INTO invoices VALUES(39,1,5,5,'INV-FYFF3MXQ','rent','overdue',1575000,0,1575000,0,'2026-02-01 00:00:00','2026-01-27 00:00:00',NULL,2,2026,NULL,NULL,NULL,NULL,'2026-06-20 01:26:19','2026-06-20 01:26:19',NULL);
INSERT INTO invoices VALUES(40,1,5,5,'INV-DT7GAPE6','rent','overdue',1575000,0,1575000,0,'2026-03-01 00:00:00','2026-02-24 00:00:00',NULL,3,2026,NULL,NULL,NULL,NULL,'2026-06-20 01:26:19','2026-06-20 01:26:19',NULL);
INSERT INTO invoices VALUES(41,1,5,5,'INV-O1RVZQEV','rent','overdue',1575000,0,1575000,0,'2026-04-01 00:00:00','2026-03-27 00:00:00',NULL,4,2026,NULL,NULL,NULL,NULL,'2026-06-20 01:26:19','2026-06-20 01:26:19',NULL);
INSERT INTO invoices VALUES(42,1,5,5,'INV-OQ0WGLQE','rent','overdue',1575000,0,1575000,0,'2026-05-01 00:00:00','2026-04-26 00:00:00',NULL,5,2026,NULL,NULL,NULL,NULL,'2026-06-20 01:26:19','2026-06-20 01:26:20',NULL);
INSERT INTO invoices VALUES(43,1,5,5,'INV-AHCJJX0P','rent','overdue',1575000,0,1575000,0,'2026-06-01 00:00:00','2026-05-27 00:00:00',NULL,6,2026,NULL,NULL,NULL,NULL,'2026-06-20 01:26:20','2026-06-20 01:26:20',NULL);
INSERT INTO invoices VALUES(44,1,8,8,'INV-ERMNUHNM','rent','overdue',2100000,0,2100000,0,'2025-05-01 00:00:00','2025-04-26 00:00:00',NULL,5,2025,NULL,NULL,NULL,NULL,'2026-06-20 01:26:20','2026-06-20 01:26:20',NULL);
INSERT INTO invoices VALUES(45,1,8,8,'INV-OT5RMGLR','rent','overdue',2100000,0,2100000,0,'2025-06-01 00:00:00','2025-05-27 00:00:00',NULL,6,2025,NULL,NULL,NULL,NULL,'2026-06-20 01:26:20','2026-06-20 01:26:20',NULL);
INSERT INTO invoices VALUES(46,1,8,8,'INV-DIGOSRDR','rent','overdue',2100000,0,2100000,0,'2025-07-01 00:00:00','2025-06-26 00:00:00',NULL,7,2025,NULL,NULL,NULL,NULL,'2026-06-20 01:26:20','2026-06-20 01:26:20',NULL);
INSERT INTO invoices VALUES(47,1,8,8,'INV-AML8D9ZK','rent','overdue',2100000,0,2100000,0,'2025-08-01 00:00:00','2025-07-27 00:00:00',NULL,8,2025,NULL,NULL,NULL,NULL,'2026-06-20 01:26:20','2026-06-20 01:26:20',NULL);
INSERT INTO invoices VALUES(48,1,8,8,'INV-HWYLQNSK','rent','overdue',2100000,0,2100000,0,'2025-09-01 00:00:00','2025-08-27 00:00:00',NULL,9,2025,NULL,NULL,NULL,NULL,'2026-06-20 01:26:20','2026-06-20 01:26:21',NULL);
INSERT INTO invoices VALUES(49,1,8,8,'INV-DAHOZQSA','rent','overdue',2100000,0,2100000,0,'2025-10-01 00:00:00','2025-09-26 00:00:00',NULL,10,2025,NULL,NULL,NULL,NULL,'2026-06-20 01:26:21','2026-06-20 01:26:21',NULL);
INSERT INTO invoices VALUES(50,1,8,8,'INV-WJ2MURBL','rent','overdue',2100000,0,2100000,0,'2025-11-01 00:00:00','2025-10-27 00:00:00',NULL,11,2025,NULL,NULL,NULL,NULL,'2026-06-20 01:26:21','2026-06-20 01:26:21',NULL);
INSERT INTO invoices VALUES(51,1,8,8,'INV-RWBKSKAH','rent','overdue',2100000,0,2100000,0,'2025-12-01 00:00:00','2025-11-26 00:00:00',NULL,12,2025,NULL,NULL,NULL,NULL,'2026-06-20 01:26:21','2026-06-20 01:26:21',NULL);
INSERT INTO invoices VALUES(52,1,8,8,'INV-HRBP7KYS','rent','overdue',2100000,0,2100000,0,'2026-01-01 00:00:00','2025-12-27 00:00:00',NULL,1,2026,NULL,NULL,NULL,NULL,'2026-06-20 01:26:21','2026-06-20 01:26:21',NULL);
INSERT INTO invoices VALUES(53,1,8,8,'INV-BG0ABLJ9','rent','overdue',2100000,0,2100000,0,'2026-02-01 00:00:00','2026-01-27 00:00:00',NULL,2,2026,NULL,NULL,NULL,NULL,'2026-06-20 01:26:21','2026-06-20 01:26:21',NULL);
INSERT INTO invoices VALUES(54,1,8,8,'INV-RJAGZPAZ','rent','overdue',2100000,0,2100000,0,'2026-03-01 00:00:00','2026-02-24 00:00:00',NULL,3,2026,NULL,NULL,NULL,NULL,'2026-06-20 01:26:21','2026-06-20 01:26:21',NULL);
INSERT INTO invoices VALUES(55,1,8,8,'INV-YUFFJ9CC','rent','overdue',2100000,0,2100000,0,'2026-04-01 00:00:00','2026-03-27 00:00:00',NULL,4,2026,NULL,NULL,NULL,NULL,'2026-06-20 01:26:21','2026-06-20 01:26:21',NULL);
INSERT INTO invoices VALUES(56,1,8,8,'INV-IORWN7PZ','rent','overdue',2100000,0,2100000,0,'2026-05-01 00:00:00','2026-04-26 00:00:00',NULL,5,2026,NULL,NULL,NULL,NULL,'2026-06-20 01:26:21','2026-06-20 01:26:22',NULL);
INSERT INTO invoices VALUES(57,1,8,8,'INV-HTIJAZNX','rent','overdue',2100000,0,2100000,0,'2026-06-01 00:00:00','2026-05-27 00:00:00',NULL,6,2026,NULL,NULL,NULL,NULL,'2026-06-20 01:26:22','2026-06-20 01:26:22',NULL);
CREATE TABLE IF NOT EXISTS "invoice_line_items" ("id" integer primary key autoincrement not null, "invoice_id" integer not null, "description" varchar not null, "category" varchar check ("category" in ('rent', 'deposit', 'utility', 'parking', 'maintenance', 'late_fee', 'other')) not null default 'rent', "quantity" numeric not null default '1', "unit_price" numeric not null, "amount" numeric not null, "is_taxable" tinyint(1) not null default '0', "created_at" datetime, "updated_at" datetime, foreign key("invoice_id") references "invoices"("id") on delete cascade);
INSERT INTO invoice_line_items VALUES(1,3,'Monthly Rent — March 2026','rent',1,500000,500000,0,'2026-06-20 01:26:13','2026-06-20 01:26:13');
INSERT INTO invoice_line_items VALUES(2,3,'Late Payment Fee','late_fee',1,50000,50000,0,'2026-06-20 01:26:13','2026-06-20 01:26:13');
INSERT INTO invoice_line_items VALUES(3,4,'Monthly Rent — April 2026','rent',1,500000,500000,0,'2026-06-20 01:26:13','2026-06-20 01:26:13');
INSERT INTO invoice_line_items VALUES(4,4,'Late Payment Fee','late_fee',1,50000,50000,0,'2026-06-20 01:26:13','2026-06-20 01:26:13');
INSERT INTO invoice_line_items VALUES(5,5,'Monthly Rent — June 2026','rent',1,500000,500000,0,'2026-06-20 01:26:13','2026-06-20 01:26:13');
INSERT INTO invoice_line_items VALUES(6,5,'Late Payment Fee','late_fee',1,50000,50000,0,'2026-06-20 01:26:13','2026-06-20 01:26:13');
INSERT INTO invoice_line_items VALUES(7,6,'Monthly Rent — October 2025','rent',1,1200000,1200000,0,'2026-06-20 01:26:14','2026-06-20 01:26:14');
INSERT INTO invoice_line_items VALUES(8,6,'Late Payment Fee','late_fee',1,60000,60000,0,'2026-06-20 01:26:14','2026-06-20 01:26:14');
INSERT INTO invoice_line_items VALUES(9,7,'Monthly Rent — November 2025','rent',1,1200000,1200000,0,'2026-06-20 01:26:14','2026-06-20 01:26:14');
INSERT INTO invoice_line_items VALUES(10,7,'Late Payment Fee','late_fee',1,60000,60000,0,'2026-06-20 01:26:14','2026-06-20 01:26:14');
INSERT INTO invoice_line_items VALUES(11,8,'Monthly Rent — December 2025','rent',1,1200000,1200000,0,'2026-06-20 01:26:14','2026-06-20 01:26:14');
INSERT INTO invoice_line_items VALUES(12,8,'Late Payment Fee','late_fee',1,60000,60000,0,'2026-06-20 01:26:14','2026-06-20 01:26:14');
INSERT INTO invoice_line_items VALUES(13,9,'Monthly Rent — January 2026','rent',1,1200000,1200000,0,'2026-06-20 01:26:14','2026-06-20 01:26:14');
INSERT INTO invoice_line_items VALUES(14,9,'Late Payment Fee','late_fee',1,60000,60000,0,'2026-06-20 01:26:14','2026-06-20 01:26:14');
INSERT INTO invoice_line_items VALUES(15,10,'Monthly Rent — February 2026','rent',1,1200000,1200000,0,'2026-06-20 01:26:14','2026-06-20 01:26:14');
INSERT INTO invoice_line_items VALUES(16,10,'Late Payment Fee','late_fee',1,60000,60000,0,'2026-06-20 01:26:14','2026-06-20 01:26:14');
INSERT INTO invoice_line_items VALUES(17,11,'Monthly Rent — March 2026','rent',1,1200000,1200000,0,'2026-06-20 01:26:14','2026-06-20 01:26:14');
INSERT INTO invoice_line_items VALUES(18,11,'Late Payment Fee','late_fee',1,60000,60000,0,'2026-06-20 01:26:14','2026-06-20 01:26:14');
INSERT INTO invoice_line_items VALUES(19,12,'Monthly Rent — April 2026','rent',1,1200000,1200000,0,'2026-06-20 01:26:14','2026-06-20 01:26:14');
INSERT INTO invoice_line_items VALUES(20,12,'Late Payment Fee','late_fee',1,60000,60000,0,'2026-06-20 01:26:14','2026-06-20 01:26:14');
INSERT INTO invoice_line_items VALUES(21,13,'Monthly Rent — May 2026','rent',1,1200000,1200000,0,'2026-06-20 01:26:14','2026-06-20 01:26:14');
INSERT INTO invoice_line_items VALUES(22,13,'Late Payment Fee','late_fee',1,60000,60000,0,'2026-06-20 01:26:14','2026-06-20 01:26:14');
INSERT INTO invoice_line_items VALUES(23,14,'Monthly Rent — June 2026','rent',1,1200000,1200000,0,'2026-06-20 01:26:14','2026-06-20 01:26:14');
INSERT INTO invoice_line_items VALUES(24,14,'Late Payment Fee','late_fee',1,60000,60000,0,'2026-06-20 01:26:14','2026-06-20 01:26:14');
INSERT INTO invoice_line_items VALUES(25,15,'Monthly Rent — December 2025','rent',1,850000,850000,0,'2026-06-20 01:26:14','2026-06-20 01:26:14');
INSERT INTO invoice_line_items VALUES(26,15,'Late Payment Fee','late_fee',1,50000,50000,0,'2026-06-20 01:26:14','2026-06-20 01:26:14');
INSERT INTO invoice_line_items VALUES(27,16,'Monthly Rent — January 2026','rent',1,850000,850000,0,'2026-06-20 01:26:14','2026-06-20 01:26:14');
INSERT INTO invoice_line_items VALUES(28,16,'Late Payment Fee','late_fee',1,50000,50000,0,'2026-06-20 01:26:14','2026-06-20 01:26:14');
INSERT INTO invoice_line_items VALUES(29,17,'Monthly Rent — February 2026','rent',1,850000,850000,0,'2026-06-20 01:26:17','2026-06-20 01:26:17');
INSERT INTO invoice_line_items VALUES(30,17,'Late Payment Fee','late_fee',1,50000,50000,0,'2026-06-20 01:26:17','2026-06-20 01:26:17');
INSERT INTO invoice_line_items VALUES(31,18,'Monthly Rent — March 2026','rent',1,850000,850000,0,'2026-06-20 01:26:17','2026-06-20 01:26:17');
INSERT INTO invoice_line_items VALUES(32,18,'Late Payment Fee','late_fee',1,50000,50000,0,'2026-06-20 01:26:17','2026-06-20 01:26:17');
INSERT INTO invoice_line_items VALUES(33,19,'Monthly Rent — April 2026','rent',1,850000,850000,0,'2026-06-20 01:26:18','2026-06-20 01:26:18');
INSERT INTO invoice_line_items VALUES(34,19,'Late Payment Fee','late_fee',1,50000,50000,0,'2026-06-20 01:26:18','2026-06-20 01:26:18');
INSERT INTO invoice_line_items VALUES(35,20,'Monthly Rent — May 2026','rent',1,850000,850000,0,'2026-06-20 01:26:18','2026-06-20 01:26:18');
INSERT INTO invoice_line_items VALUES(36,20,'Late Payment Fee','late_fee',1,50000,50000,0,'2026-06-20 01:26:18','2026-06-20 01:26:18');
INSERT INTO invoice_line_items VALUES(37,21,'Monthly Rent — June 2026','rent',1,850000,850000,0,'2026-06-20 01:26:18','2026-06-20 01:26:18');
INSERT INTO invoice_line_items VALUES(38,21,'Late Payment Fee','late_fee',1,50000,50000,0,'2026-06-20 01:26:18','2026-06-20 01:26:18');
INSERT INTO invoice_line_items VALUES(39,22,'Monthly Rent — January 2026','rent',1,950000,950000,0,'2026-06-20 01:26:18','2026-06-20 01:26:18');
INSERT INTO invoice_line_items VALUES(40,22,'Late Payment Fee','late_fee',1,50000,50000,0,'2026-06-20 01:26:18','2026-06-20 01:26:18');
INSERT INTO invoice_line_items VALUES(41,23,'Monthly Rent — February 2026','rent',1,950000,950000,0,'2026-06-20 01:26:18','2026-06-20 01:26:18');
INSERT INTO invoice_line_items VALUES(42,23,'Late Payment Fee','late_fee',1,50000,50000,0,'2026-06-20 01:26:18','2026-06-20 01:26:18');
INSERT INTO invoice_line_items VALUES(43,24,'Monthly Rent — March 2026','rent',1,950000,950000,0,'2026-06-20 01:26:18','2026-06-20 01:26:18');
INSERT INTO invoice_line_items VALUES(44,24,'Late Payment Fee','late_fee',1,50000,50000,0,'2026-06-20 01:26:18','2026-06-20 01:26:18');
INSERT INTO invoice_line_items VALUES(45,25,'Monthly Rent — April 2026','rent',1,950000,950000,0,'2026-06-20 01:26:18','2026-06-20 01:26:18');
INSERT INTO invoice_line_items VALUES(46,25,'Late Payment Fee','late_fee',1,50000,50000,0,'2026-06-20 01:26:18','2026-06-20 01:26:18');
INSERT INTO invoice_line_items VALUES(47,26,'Monthly Rent — May 2026','rent',1,950000,950000,0,'2026-06-20 01:26:18','2026-06-20 01:26:18');
INSERT INTO invoice_line_items VALUES(48,26,'Late Payment Fee','late_fee',1,50000,50000,0,'2026-06-20 01:26:18','2026-06-20 01:26:18');
INSERT INTO invoice_line_items VALUES(49,27,'Monthly Rent — June 2026','rent',1,950000,950000,0,'2026-06-20 01:26:18','2026-06-20 01:26:18');
INSERT INTO invoice_line_items VALUES(50,28,'Monthly Rent — March 2026','rent',1,450000,450000,0,'2026-06-20 01:26:18','2026-06-20 01:26:18');
INSERT INTO invoice_line_items VALUES(51,28,'Late Payment Fee','late_fee',1,50000,50000,0,'2026-06-20 01:26:18','2026-06-20 01:26:18');
INSERT INTO invoice_line_items VALUES(52,29,'Monthly Rent — April 2026','rent',1,450000,450000,0,'2026-06-20 01:26:18','2026-06-20 01:26:18');
INSERT INTO invoice_line_items VALUES(53,29,'Late Payment Fee','late_fee',1,50000,50000,0,'2026-06-20 01:26:18','2026-06-20 01:26:18');
INSERT INTO invoice_line_items VALUES(54,30,'Monthly Rent — May 2026','rent',1,450000,450000,0,'2026-06-20 01:26:18','2026-06-20 01:26:18');
INSERT INTO invoice_line_items VALUES(55,30,'Late Payment Fee','late_fee',1,50000,50000,0,'2026-06-20 01:26:18','2026-06-20 01:26:18');
INSERT INTO invoice_line_items VALUES(56,31,'Monthly Rent — June 2026','rent',1,450000,450000,0,'2026-06-20 01:26:18','2026-06-20 01:26:18');
INSERT INTO invoice_line_items VALUES(57,31,'Late Payment Fee','late_fee',1,50000,50000,0,'2026-06-20 01:26:18','2026-06-20 01:26:18');
INSERT INTO invoice_line_items VALUES(58,32,'Monthly Rent — July 2025','rent',1,1500000,1500000,0,'2026-06-20 01:26:19','2026-06-20 01:26:19');
INSERT INTO invoice_line_items VALUES(59,32,'Late Payment Fee','late_fee',1,75000,75000,0,'2026-06-20 01:26:19','2026-06-20 01:26:19');
INSERT INTO invoice_line_items VALUES(60,33,'Monthly Rent — August 2025','rent',1,1500000,1500000,0,'2026-06-20 01:26:19','2026-06-20 01:26:19');
INSERT INTO invoice_line_items VALUES(61,33,'Late Payment Fee','late_fee',1,75000,75000,0,'2026-06-20 01:26:19','2026-06-20 01:26:19');
INSERT INTO invoice_line_items VALUES(62,34,'Monthly Rent — September 2025','rent',1,1500000,1500000,0,'2026-06-20 01:26:19','2026-06-20 01:26:19');
INSERT INTO invoice_line_items VALUES(63,34,'Late Payment Fee','late_fee',1,75000,75000,0,'2026-06-20 01:26:19','2026-06-20 01:26:19');
INSERT INTO invoice_line_items VALUES(64,35,'Monthly Rent — October 2025','rent',1,1500000,1500000,0,'2026-06-20 01:26:19','2026-06-20 01:26:19');
INSERT INTO invoice_line_items VALUES(65,35,'Late Payment Fee','late_fee',1,75000,75000,0,'2026-06-20 01:26:19','2026-06-20 01:26:19');
INSERT INTO invoice_line_items VALUES(66,36,'Monthly Rent — November 2025','rent',1,1500000,1500000,0,'2026-06-20 01:26:19','2026-06-20 01:26:19');
INSERT INTO invoice_line_items VALUES(67,36,'Late Payment Fee','late_fee',1,75000,75000,0,'2026-06-20 01:26:19','2026-06-20 01:26:19');
INSERT INTO invoice_line_items VALUES(68,37,'Monthly Rent — December 2025','rent',1,1500000,1500000,0,'2026-06-20 01:26:19','2026-06-20 01:26:19');
INSERT INTO invoice_line_items VALUES(69,37,'Late Payment Fee','late_fee',1,75000,75000,0,'2026-06-20 01:26:19','2026-06-20 01:26:19');
INSERT INTO invoice_line_items VALUES(70,38,'Monthly Rent — January 2026','rent',1,1500000,1500000,0,'2026-06-20 01:26:19','2026-06-20 01:26:19');
INSERT INTO invoice_line_items VALUES(71,38,'Late Payment Fee','late_fee',1,75000,75000,0,'2026-06-20 01:26:19','2026-06-20 01:26:19');
INSERT INTO invoice_line_items VALUES(72,39,'Monthly Rent — February 2026','rent',1,1500000,1500000,0,'2026-06-20 01:26:19','2026-06-20 01:26:19');
INSERT INTO invoice_line_items VALUES(73,39,'Late Payment Fee','late_fee',1,75000,75000,0,'2026-06-20 01:26:19','2026-06-20 01:26:19');
INSERT INTO invoice_line_items VALUES(74,40,'Monthly Rent — March 2026','rent',1,1500000,1500000,0,'2026-06-20 01:26:19','2026-06-20 01:26:19');
INSERT INTO invoice_line_items VALUES(75,40,'Late Payment Fee','late_fee',1,75000,75000,0,'2026-06-20 01:26:19','2026-06-20 01:26:19');
INSERT INTO invoice_line_items VALUES(76,41,'Monthly Rent — April 2026','rent',1,1500000,1500000,0,'2026-06-20 01:26:19','2026-06-20 01:26:19');
INSERT INTO invoice_line_items VALUES(77,41,'Late Payment Fee','late_fee',1,75000,75000,0,'2026-06-20 01:26:19','2026-06-20 01:26:19');
INSERT INTO invoice_line_items VALUES(78,42,'Monthly Rent — May 2026','rent',1,1500000,1500000,0,'2026-06-20 01:26:20','2026-06-20 01:26:20');
INSERT INTO invoice_line_items VALUES(79,42,'Late Payment Fee','late_fee',1,75000,75000,0,'2026-06-20 01:26:20','2026-06-20 01:26:20');
INSERT INTO invoice_line_items VALUES(80,43,'Monthly Rent — June 2026','rent',1,1500000,1500000,0,'2026-06-20 01:26:20','2026-06-20 01:26:20');
INSERT INTO invoice_line_items VALUES(81,43,'Late Payment Fee','late_fee',1,75000,75000,0,'2026-06-20 01:26:20','2026-06-20 01:26:20');
INSERT INTO invoice_line_items VALUES(82,44,'Monthly Rent — May 2025','rent',1,2000000,2000000,0,'2026-06-20 01:26:20','2026-06-20 01:26:20');
INSERT INTO invoice_line_items VALUES(83,44,'Late Payment Fee','late_fee',1,100000,100000,0,'2026-06-20 01:26:20','2026-06-20 01:26:20');
INSERT INTO invoice_line_items VALUES(84,45,'Monthly Rent — June 2025','rent',1,2000000,2000000,0,'2026-06-20 01:26:20','2026-06-20 01:26:20');
INSERT INTO invoice_line_items VALUES(85,45,'Late Payment Fee','late_fee',1,100000,100000,0,'2026-06-20 01:26:20','2026-06-20 01:26:20');
INSERT INTO invoice_line_items VALUES(86,46,'Monthly Rent — July 2025','rent',1,2000000,2000000,0,'2026-06-20 01:26:20','2026-06-20 01:26:20');
INSERT INTO invoice_line_items VALUES(87,46,'Late Payment Fee','late_fee',1,100000,100000,0,'2026-06-20 01:26:20','2026-06-20 01:26:20');
INSERT INTO invoice_line_items VALUES(88,47,'Monthly Rent — August 2025','rent',1,2000000,2000000,0,'2026-06-20 01:26:20','2026-06-20 01:26:20');
INSERT INTO invoice_line_items VALUES(89,47,'Late Payment Fee','late_fee',1,100000,100000,0,'2026-06-20 01:26:20','2026-06-20 01:26:20');
INSERT INTO invoice_line_items VALUES(90,48,'Monthly Rent — September 2025','rent',1,2000000,2000000,0,'2026-06-20 01:26:20','2026-06-20 01:26:20');
INSERT INTO invoice_line_items VALUES(91,48,'Late Payment Fee','late_fee',1,100000,100000,0,'2026-06-20 01:26:21','2026-06-20 01:26:21');
INSERT INTO invoice_line_items VALUES(92,49,'Monthly Rent — October 2025','rent',1,2000000,2000000,0,'2026-06-20 01:26:21','2026-06-20 01:26:21');
INSERT INTO invoice_line_items VALUES(93,49,'Late Payment Fee','late_fee',1,100000,100000,0,'2026-06-20 01:26:21','2026-06-20 01:26:21');
INSERT INTO invoice_line_items VALUES(94,50,'Monthly Rent — November 2025','rent',1,2000000,2000000,0,'2026-06-20 01:26:21','2026-06-20 01:26:21');
INSERT INTO invoice_line_items VALUES(95,50,'Late Payment Fee','late_fee',1,100000,100000,0,'2026-06-20 01:26:21','2026-06-20 01:26:21');
INSERT INTO invoice_line_items VALUES(96,51,'Monthly Rent — December 2025','rent',1,2000000,2000000,0,'2026-06-20 01:26:21','2026-06-20 01:26:21');
INSERT INTO invoice_line_items VALUES(97,51,'Late Payment Fee','late_fee',1,100000,100000,0,'2026-06-20 01:26:21','2026-06-20 01:26:21');
INSERT INTO invoice_line_items VALUES(98,52,'Monthly Rent — January 2026','rent',1,2000000,2000000,0,'2026-06-20 01:26:21','2026-06-20 01:26:21');
INSERT INTO invoice_line_items VALUES(99,52,'Late Payment Fee','late_fee',1,100000,100000,0,'2026-06-20 01:26:21','2026-06-20 01:26:21');
INSERT INTO invoice_line_items VALUES(100,53,'Monthly Rent — February 2026','rent',1,2000000,2000000,0,'2026-06-20 01:26:21','2026-06-20 01:26:21');
INSERT INTO invoice_line_items VALUES(101,53,'Late Payment Fee','late_fee',1,100000,100000,0,'2026-06-20 01:26:21','2026-06-20 01:26:21');
INSERT INTO invoice_line_items VALUES(102,54,'Monthly Rent — March 2026','rent',1,2000000,2000000,0,'2026-06-20 01:26:21','2026-06-20 01:26:21');
INSERT INTO invoice_line_items VALUES(103,54,'Late Payment Fee','late_fee',1,100000,100000,0,'2026-06-20 01:26:21','2026-06-20 01:26:21');
INSERT INTO invoice_line_items VALUES(104,55,'Monthly Rent — April 2026','rent',1,2000000,2000000,0,'2026-06-20 01:26:21','2026-06-20 01:26:21');
INSERT INTO invoice_line_items VALUES(105,55,'Late Payment Fee','late_fee',1,100000,100000,0,'2026-06-20 01:26:21','2026-06-20 01:26:21');
INSERT INTO invoice_line_items VALUES(106,56,'Monthly Rent — May 2026','rent',1,2000000,2000000,0,'2026-06-20 01:26:21','2026-06-20 01:26:21');
INSERT INTO invoice_line_items VALUES(107,56,'Late Payment Fee','late_fee',1,100000,100000,0,'2026-06-20 01:26:22','2026-06-20 01:26:22');
INSERT INTO invoice_line_items VALUES(108,57,'Monthly Rent — June 2026','rent',1,2000000,2000000,0,'2026-06-20 01:26:22','2026-06-20 01:26:22');
INSERT INTO invoice_line_items VALUES(109,57,'Late Payment Fee','late_fee',1,100000,100000,0,'2026-06-20 01:26:22','2026-06-20 01:26:22');
CREATE TABLE IF NOT EXISTS "expenses" ("id" integer primary key autoincrement not null, "agency_id" integer not null, "property_id" integer, "listing_id" integer, "reference" varchar not null, "category" varchar check ("category" in ('maintenance', 'utilities', 'insurance', 'municipal_rates', 'management_fee', 'advertising', 'legal', 'cleaning', 'other')) not null default 'other', "vendor_name" varchar not null, "description" text not null, "amount" numeric not null, "tax_amount" numeric not null default '0', "is_tax_deductible" tinyint(1) not null default '1', "expense_date" date not null, "status" varchar check ("status" in ('pending', 'approved', 'rejected', 'paid')) not null default 'pending', "approved_by" integer, "approved_at" datetime, "receipt_path" varchar, "period_month" integer not null, "period_year" integer not null, "notes" text, "created_at" datetime, "updated_at" datetime, "deleted_at" datetime, foreign key("agency_id") references "agencies"("id") on delete cascade, foreign key("property_id") references "properties"("id") on delete set null, foreign key("listing_id") references "listings"("id") on delete set null, foreign key("approved_by") references "users"("id") on delete set null);
INSERT INTO expenses VALUES(1,1,21,NULL,'EXP-S2QL9XI0','maintenance','Landmark Properties & Facilities Mgmt','Quarterly plumbing inspection and repairs — Block A',185000,0,1,'2026-01-06 00:00:00','paid',1,'2026-01-08 01:26:22',NULL,1,2026,NULL,'2026-06-20 01:26:22','2026-06-20 01:26:22',NULL);
INSERT INTO expenses VALUES(2,1,2,NULL,'EXP-GOZ68PGA','maintenance','AES Atros Electrical Solutions','Generator servicing and diesel refill — 14A Bourdillon',95000,0,1,'2026-02-22 00:00:00','paid',1,'2026-02-24 01:26:22',NULL,2,2026,NULL,'2026-06-20 01:26:22','2026-06-20 01:26:22',NULL);
INSERT INTO expenses VALUES(3,1,25,NULL,'EXP-CACFZMWF','maintenance','Broll Nigeria Ltd','Air conditioning units full service and regas',240000,0,1,'2026-03-10 00:00:00','paid',1,'2026-03-12 01:26:22',NULL,3,2026,NULL,'2026-06-20 01:26:22','2026-06-20 01:26:22',NULL);
INSERT INTO expenses VALUES(4,1,3,NULL,'EXP-AWTRJAV7','maintenance','Dansol Maintenance Services','Perimeter fence repair and repainting — Victoria Island',320000,0,1,'2026-04-10 00:00:00','approved',1,'2026-04-12 01:26:22',NULL,4,2026,NULL,'2026-06-20 01:26:22','2026-06-20 01:26:22',NULL);
INSERT INTO expenses VALUES(5,1,3,NULL,'EXP-G0NZAG1S','maintenance','QuickFix Handyman Services','Door locks replacement and internal painting touch-up',78000,0,1,'2026-05-10 00:00:00','approved',1,'2026-05-12 01:26:22',NULL,5,2026,NULL,'2026-06-20 01:26:22','2026-06-20 01:26:22',NULL);
INSERT INTO expenses VALUES(6,1,24,NULL,'EXP-2M6UIGDR','maintenance','Eko Lifts & Escalators','Elevator annual maintenance contract renewal',550000,0,1,'2026-06-19 00:00:00','pending',NULL,NULL,NULL,6,2026,NULL,'2026-06-20 01:26:22','2026-06-20 01:26:22',NULL);
INSERT INTO expenses VALUES(7,1,9,NULL,'EXP-XLERSUIU','utilities','Eko Electricity Distribution Company','EKEDC electricity bill — Ikoyi cluster Q1',210000,0,1,'2026-01-16 00:00:00','paid',1,'2026-01-18 01:26:22',NULL,1,2026,NULL,'2026-06-20 01:26:22','2026-06-20 01:26:22',NULL);
INSERT INTO expenses VALUES(8,1,25,NULL,'EXP-DVPYKRRP','utilities','Lagos Water Corporation','Water rates — Q1 2026 Victoria Island portfolio',85000,0,1,'2026-02-22 00:00:00','paid',1,'2026-02-24 01:26:22',NULL,2,2026,NULL,'2026-06-20 01:26:22','2026-06-20 01:26:22',NULL);
INSERT INTO expenses VALUES(9,1,8,NULL,'EXP-WGYU2KNN','utilities','Eko Electricity Distribution Company','EKEDC electricity bill — Ikoyi cluster Q2',198500,0,1,'2026-04-19 00:00:00','paid',1,'2026-04-21 01:26:22',NULL,4,2026,NULL,'2026-06-20 01:26:22','2026-06-20 01:26:22',NULL);
INSERT INTO expenses VALUES(10,1,9,NULL,'EXP-XNZDVTRG','utilities','Abuja Electricity Distribution Company','AEDC electricity bill — Asokoro & Maitama properties',145000,0,1,'2026-05-10 00:00:00','approved',1,'2026-05-12 01:26:22',NULL,5,2026,NULL,'2026-06-20 01:26:22','2026-06-20 01:26:22',NULL);
INSERT INTO expenses VALUES(11,1,21,NULL,'EXP-WQSIVRSU','insurance','Leadway Assurance Company Ltd','Annual property insurance premium — full portfolio',1250000,0,1,'2025-12-18 00:00:00','paid',1,'2025-12-20 01:26:22',NULL,12,2025,NULL,'2026-06-20 01:26:22','2026-06-20 01:26:22',NULL);
INSERT INTO expenses VALUES(12,1,7,NULL,'EXP-GQ93ZUXJ','insurance','AXA Mansard Insurance PLC','Landlord liability insurance renewal — Lekki properties',380000,0,1,'2026-05-09 00:00:00','approved',1,'2026-05-11 01:26:22',NULL,5,2026,NULL,'2026-06-20 01:26:22','2026-06-20 01:26:22',NULL);
INSERT INTO expenses VALUES(13,1,2,NULL,'EXP-4LVI5EJF','municipal_rates','Lagos State Internal Revenue Service','Annual land use charge — Lagos Island portfolio',750000,0,1,'2026-01-20 00:00:00','paid',1,'2026-01-22 01:26:22',NULL,1,2026,NULL,'2026-06-20 01:26:22','2026-06-20 01:26:22',NULL);
INSERT INTO expenses VALUES(14,1,10,NULL,'EXP-S2SVB0LN','municipal_rates','FCT Abuja Municipal Area Council','Development levy — Maitama & Asokoro',420000,0,1,'2026-02-09 00:00:00','paid',1,'2026-02-11 01:26:22',NULL,2,2026,NULL,'2026-06-20 01:26:22','2026-06-20 01:26:22',NULL);
INSERT INTO expenses VALUES(15,1,24,NULL,'EXP-ICSBAZAV','management_fee','Demo Agency Property Management','Property management fee Q1 2026 (8% of rent collected)',485000,0,1,'2026-03-25 00:00:00','paid',1,'2026-03-27 01:26:22',NULL,3,2026,NULL,'2026-06-20 01:26:22','2026-06-20 01:26:22',NULL);
INSERT INTO expenses VALUES(16,1,26,NULL,'EXP-BBYB6ACK','management_fee','Demo Agency Property Management','Property management fee Q2 2026 (8% of rent collected)',512000,0,1,'2026-06-19 00:00:00','pending',NULL,NULL,NULL,6,2026,NULL,'2026-06-20 01:26:22','2026-06-20 01:26:22',NULL);
INSERT INTO expenses VALUES(17,1,26,NULL,'EXP-EN2U0PXS','legal','Aluko & Oyebode Legal Practitioners','Lease agreement drafting and review — 6 new leases',680000,0,1,'2025-11-23 00:00:00','paid',1,'2025-11-25 01:26:22',NULL,11,2025,NULL,'2026-06-20 01:26:22','2026-06-20 01:26:22',NULL);
INSERT INTO expenses VALUES(18,1,26,NULL,'EXP-SSBXMI8N','legal','Templars Barristers & Solicitors','Tenant dispute mediation — Lekki Phase 1 unit',195000,0,1,'2026-04-25 00:00:00','paid',1,'2026-04-27 01:26:22',NULL,4,2026,NULL,'2026-06-20 01:26:22','2026-06-20 01:26:22',NULL);
INSERT INTO expenses VALUES(19,1,1,NULL,'EXP-IO6Z0HHX','advertising','PropertyPro Nigeria','Premium listing placement — 3 months digital advertising',150000,0,1,'2026-02-10 00:00:00','paid',1,'2026-02-12 01:26:22',NULL,2,2026,NULL,'2026-06-20 01:26:22','2026-06-20 01:26:22',NULL);
INSERT INTO expenses VALUES(20,1,24,NULL,'EXP-0G0KIDAZ','advertising','Private Property Nigeria','Sponsored listings package — Q2 2026',120000,0,1,'2026-05-08 00:00:00','approved',1,'2026-05-10 01:26:22',NULL,5,2026,NULL,'2026-06-20 01:26:22','2026-06-20 01:26:22',NULL);
INSERT INTO expenses VALUES(21,1,4,NULL,'EXP-OK22P0DC','cleaning','Sparkle Clean Services Ltd','Monthly deep-clean service — common areas all properties',95000,0,1,'2026-04-23 00:00:00','paid',1,'2026-04-25 01:26:22',NULL,4,2026,NULL,'2026-06-20 01:26:22','2026-06-20 01:26:22',NULL);
CREATE TABLE IF NOT EXISTS "budgets" ("id" integer primary key autoincrement not null, "agency_id" integer not null, "property_id" integer, "year" integer not null, "name" varchar not null, "status" varchar check ("status" in ('draft', 'approved', 'active', 'closed')) not null default 'draft', "monthly_income_targets" text not null, "monthly_expense_targets" text not null, "vacancy_rate_assumption" numeric not null default '5', "escalation_assumption" numeric not null default '7', "approved_by" integer, "approved_at" datetime, "notes" text, "created_at" datetime, "updated_at" datetime, foreign key("agency_id") references "agencies"("id") on delete cascade, foreign key("property_id") references "properties"("id") on delete set null, foreign key("approved_by") references "users"("id") on delete set null);
INSERT INTO budgets VALUES(1,1,NULL,2026,'FY2026 Portfolio Budget','approved','[3753000,3753000,3753000,3753000,3753000,3753000,4034000,4034000,4034000,4034000,4034000,4034000]','[820000,750000,810000,680000,920000,780000,810000,760000,840000,720000,890000,950000]',5,7.5,1,'2026-01-15 00:00:00','Approved by principal. Assumptions: 5% vacancy, 7.5% annual escalation, Q3 major maintenance provision.','2026-06-20 01:26:22','2026-06-20 01:26:22');
CREATE TABLE IF NOT EXISTS "tax_configs" ("id" integer primary key autoincrement not null, "agency_id" integer not null, "name" varchar not null, "tax_type" varchar check ("tax_type" in ('vat', 'withholding', 'municipal', 'other')) not null default 'vat', "rate" numeric not null default '15', "applies_to" varchar check ("applies_to" in ('all', 'residential', 'commercial')) not null default 'all', "is_default" tinyint(1) not null default '0', "is_active" tinyint(1) not null default '1', "created_at" datetime, "updated_at" datetime, foreign key("agency_id") references "agencies"("id") on delete cascade);
INSERT INTO tax_configs VALUES(1,1,'Residential — VAT Exempt','vat',0,'residential',1,1,'2026-06-20 01:26:13','2026-06-20 01:26:13');
INSERT INTO tax_configs VALUES(2,1,'Commercial — VAT 7.5%','vat',7.5,'commercial',0,1,'2026-06-20 01:26:13','2026-06-20 01:26:13');
INSERT INTO tax_configs VALUES(3,1,'WHT on Rent — Corporate 10%','withholding',10,'all',0,1,'2026-06-20 01:26:13','2026-06-20 01:26:13');
CREATE TABLE IF NOT EXISTS "payment_mandates" ("id" integer primary key autoincrement not null, "agency_id" integer not null, "lease_id" integer not null, "tenant_id" integer not null, "gateway" varchar not null, "gateway_mandate_id" varchar, "status" varchar check ("status" in ('pending', 'active', 'cancelled', 'failed')) not null default 'pending', "collection_day" integer not null, "amount" numeric not null, "last_collected_at" datetime, "next_collection_date" date, "created_at" datetime, "updated_at" datetime, foreign key("agency_id") references "agencies"("id") on delete cascade, foreign key("lease_id") references "leases"("id") on delete cascade, foreign key("tenant_id") references "tenants"("id") on delete cascade);
INSERT INTO payment_mandates VALUES(1,1,1,1,'payfast','PF-MANDATE-DEPHSUICKF','active',1,500000,'2026-05-01 01:26:22','2026-07-01 00:00:00','2026-06-20 01:26:22','2026-06-20 01:26:22');
INSERT INTO payment_mandates VALUES(2,1,3,3,'payfast','PF-MANDATE-XWF6I5TI3K','active',1,1200000,'2026-05-01 01:26:22','2026-07-01 00:00:00','2026-06-20 01:26:22','2026-06-20 01:26:22');
INSERT INTO payment_mandates VALUES(3,1,4,4,'payfast','PF-MANDATE-BBRPQSHTJV','active',5,850000,'2026-05-05 01:26:22','2026-07-05 00:00:00','2026-06-20 01:26:22','2026-06-20 01:26:22');
INSERT INTO payment_mandates VALUES(4,1,6,6,'payfast','PF-MANDATE-1BPPYENBQZ','active',10,950000,'2026-05-10 01:26:22','2026-07-10 00:00:00','2026-06-20 01:26:22','2026-06-20 01:26:22');
INSERT INTO payment_mandates VALUES(5,1,7,7,'payfast','PF-MANDATE-S9T4ENHEH2','active',1,450000,'2026-05-01 01:26:22','2026-07-01 00:00:00','2026-06-20 01:26:22','2026-06-20 01:26:22');
CREATE TABLE IF NOT EXISTS "compliance_documents" ("id" integer primary key autoincrement not null, "transaction_id" integer, "agency_id" integer not null, "uploaded_by" integer, "document_type" varchar not null, "title" varchar not null, "file_path" varchar, "file_name" varchar, "mime_type" varchar, "file_size" integer, "status" varchar not null default ('required'), "is_fica_required" tinyint(1) not null default ('0'), "expiry_date" date, "rejection_reason" text, "reviewed_at" datetime, "created_at" datetime, "updated_at" datetime, "lease_id" integer, "listing_id" integer, "property_id" integer, "category" varchar not null default ('other'), "notes" text, foreign key("property_id") references properties("id") on delete set null on update no action, foreign key("listing_id") references listings("id") on delete set null on update no action, foreign key("lease_id") references leases("id") on delete set null on update no action, foreign key("transaction_id") references transactions("id") on delete cascade on update no action, foreign key("agency_id") references agencies("id") on delete cascade on update no action, foreign key("uploaded_by") references users("id") on delete set null on update no action);
CREATE TABLE IF NOT EXISTS "compliance_reminders" ("id" integer primary key autoincrement not null, "agency_id" integer not null, "created_by" integer, "title" varchar not null, "reminder_type" varchar check ("reminder_type" in ('inspection', 'certification', 'fica', 'audit', 'lease_renewal', 'maintenance', 'other')) not null default 'other', "related_type" varchar, "related_id" integer, "due_date" date not null, "status" varchar check ("status" in ('pending', 'acknowledged', 'overdue', 'completed')) not null default 'pending', "notes" text, "notified_at" datetime, "acknowledged_at" datetime, "completed_at" datetime, "created_at" datetime, "updated_at" datetime, foreign key("agency_id") references "agencies"("id") on delete cascade, foreign key("created_by") references "users"("id") on delete set null);
CREATE TABLE IF NOT EXISTS "api_keys" ("id" integer primary key autoincrement not null, "agency_id" integer not null, "name" varchar not null, "token" varchar not null, "type" varchar check ("type" in ('public_read', 'full_access')) not null default 'public_read', "expires_at" datetime, "last_used_at" datetime, "created_at" datetime, "updated_at" datetime, foreign key("agency_id") references "agencies"("id") on delete cascade);
CREATE TABLE IF NOT EXISTS "webhook_subscriptions" ("id" integer primary key autoincrement not null, "agency_id" integer not null, "url" varchar not null, "secret" varchar not null, "events" text not null, "is_active" tinyint(1) not null default '1', "last_triggered_at" datetime, "failure_count" integer not null default '0', "created_at" datetime, "updated_at" datetime, foreign key("agency_id") references "agencies"("id") on delete cascade);
CREATE TABLE IF NOT EXISTS "email_accounts" ("id" integer primary key autoincrement not null, "agency_id" integer not null, "user_id" integer, "name" varchar not null, "email_address" varchar not null, "is_shared" tinyint(1) not null default '0', "imap_host" varchar, "imap_port" integer not null default '993', "imap_encryption" varchar check ("imap_encryption" in ('ssl', 'tls', 'none')) not null default 'ssl', "smtp_host" varchar, "smtp_port" integer not null default '587', "smtp_encryption" varchar check ("smtp_encryption" in ('tls', 'ssl', 'none')) not null default 'tls', "username" text, "password" text, "email_signature_html" varchar, "is_default" tinyint(1) not null default '0', "is_active" tinyint(1) not null default '1', "last_synced_at" datetime, "sync_error" text, "created_at" datetime, "updated_at" datetime, foreign key("agency_id") references "agencies"("id") on delete cascade, foreign key("user_id") references "users"("id") on delete set null);
CREATE TABLE IF NOT EXISTS "email_threads" ("id" integer primary key autoincrement not null, "agency_id" integer not null, "email_account_id" integer, "contact_id" integer, "assigned_to" integer, "subject" varchar not null, "participants" text, "unread_count" integer not null default '0', "is_archived" tinyint(1) not null default '0', "last_message_at" datetime, "created_at" datetime, "updated_at" datetime, foreign key("agency_id") references "agencies"("id") on delete cascade, foreign key("email_account_id") references "email_accounts"("id") on delete set null, foreign key("contact_id") references "contacts"("id") on delete set null, foreign key("assigned_to") references "users"("id") on delete set null);
CREATE TABLE IF NOT EXISTS "email_logs" ("id" integer primary key autoincrement not null, "agency_id" integer not null, "email_template_id" integer, "contact_id" integer, "sent_by" integer, "to_email" varchar not null, "to_name" varchar, "subject" varchar not null, "status" varchar not null default ('queued'), "provider_message_id" varchar, "sent_at" datetime, "opened_at" datetime, "clicked_at" datetime, "error_message" text, "created_at" datetime, "updated_at" datetime, "thread_id" integer, "email_account_id" integer, "direction" varchar check ("direction" in ('outbound', 'inbound')) not null default 'outbound', "from_email" varchar, "from_name" varchar, "body_html" text, "body_text" text, "message_id" varchar, "in_reply_to" varchar, "attachments" text, "read_at" datetime, foreign key("sent_by") references users("id") on delete set null on update no action, foreign key("contact_id") references contacts("id") on delete set null on update no action, foreign key("email_template_id") references email_templates("id") on delete set null on update no action, foreign key("agency_id") references agencies("id") on delete cascade on update no action, foreign key("thread_id") references "email_threads"("id") on delete set null, foreign key("email_account_id") references "email_accounts"("id") on delete set null);
/****** CORRUPTION ERROR *******/
CREATE TABLE IF NOT EXISTS "paystack_transactions" ("id" integer primary key autoincrement not null, "agency_id" integer not null, "reference" varchar not null, "type" varchar not null, "event" varchar, "status" varchar not null, "amount" integer not null, "currency" varchar not null default 'NGN', "plan" varchar, "billing_cycle" varchar, "credits_added" integer, "paystack_transaction_id" varchar, "paystack_customer_code" varchar, "paystack_subscription_code" varchar, "authorization_code" varchar, "metadata" text, "created_at" datetime, "updated_at" datetime, foreign key("agency_id") references "agencies"("id") on delete cascade);
CREATE TABLE IF NOT EXISTS "personal_access_tokens" ("id" integer primary key autoincrement not null, "tokenable_type" varchar not null, "tokenable_id" integer not null, "name" text not null, "token" varchar not null, "abilities" text, "last_used_at" datetime, "expires_at" datetime, "created_at" datetime, "updated_at" datetime);
CREATE TABLE IF NOT EXISTS "agent_numbers" ("id" integer primary key autoincrement not null, "agency_id" integer not null, "user_id" integer not null, "twilio_number" varchar, "twilio_sid" varchar, "active" tinyint(1) not null default ('1'), "created_at" datetime, "updated_at" datetime, "language" varchar not null default ('en'), "display_number" varchar, "number_type" varchar not null default 'twilio_provisioned', "country_code" varchar not null default 'US', "verified" tinyint(1) not null default '0', "verified_at" datetime, "caller_id_sid" varchar, "verification_code" varchar, "verification_expires_at" datetime, foreign key("user_id") references users("id") on delete cascade on update no action, foreign key("agency_id") references agencies("id") on delete cascade on update no action);
CREATE TABLE IF NOT EXISTS "quit_notices" ("id" integer primary key autoincrement not null, "agency_id" integer not null, "lease_id" integer not null, "tenant_id" integer not null, "issued_by" integer not null, "reference" varchar not null, "issue_date" date not null, "vacate_by_date" date not null, "reason" varchar not null, "notice_body" text not null, "ai_draft" text, "status" varchar check ("status" in ('drafted', 'sent', 'acknowledged', 'disputed', 'withdrawn', 'completed')) not null default 'drafted', "delivery_method" varchar not null default 'email', "sent_at" datetime, "acknowledged_at" datetime, "tenant_response" text, "internal_notes" text, "deleted_at" datetime, "created_at" datetime, "updated_at" datetime, foreign key("agency_id") references "agencies"("id") on delete cascade, foreign key("lease_id") references "leases"("id") on delete cascade, foreign key("tenant_id") references "tenants"("id") on delete cascade, foreign key("issued_by") references "users"("id"));
DELETE FROM sqlite_sequence;
INSERT INTO sqlite_sequence VALUES('migrations',90);
INSERT INTO sqlite_sequence VALUES('contact_activities',0);
INSERT INTO sqlite_sequence VALUES('calls',0);
INSERT INTO sqlite_sequence VALUES('compliance_documents',0);
INSERT INTO sqlite_sequence VALUES('email_logs',20);
INSERT INTO sqlite_sequence VALUES('agent_numbers',0);
INSERT INTO sqlite_sequence VALUES('permissions',48);
INSERT INTO sqlite_sequence VALUES('roles',7);
INSERT INTO sqlite_sequence VALUES('agencies',3);
INSERT INTO sqlite_sequence VALUES('users',6);
INSERT INTO sqlite_sequence VALUES('contacts',33);
INSERT INTO sqlite_sequence VALUES('properties',26);
INSERT INTO sqlite_sequence VALUES('listings',26);
INSERT INTO sqlite_sequence VALUES('pipeline_stages',15);
INSERT INTO sqlite_sequence VALUES('deals',11);
INSERT INTO sqlite_sequence VALUES('viewings',8);
INSERT INTO sqlite_sequence VALUES('commission_split_configs',5);
INSERT INTO sqlite_sequence VALUES('open_houses',4);
INSERT INTO sqlite_sequence VALUES('open_house_rsvps',14);
INSERT INTO sqlite_sequence VALUES('follow_up_sequences',3);
INSERT INTO sqlite_sequence VALUES('follow_up_steps',9);
INSERT INTO sqlite_sequence VALUES('contracts',22);
INSERT INTO sqlite_sequence VALUES('transactions',2);
INSERT INTO sqlite_sequence VALUES('commissions',2);
INSERT INTO sqlite_sequence VALUES('tenants',8);
INSERT INTO sqlite_sequence VALUES('leases',8);
INSERT INTO sqlite_sequence VALUES('invoices',57);
INSERT INTO sqlite_sequence VALUES('rent_payments',53);
INSERT INTO sqlite_sequence VALUES('portals',3);
INSERT INTO sqlite_sequence VALUES('training_modules',6);
INSERT INTO sqlite_sequence VALUES('tax_configs',3);
INSERT INTO sqlite_sequence VALUES('invoice_line_items',109);
INSERT INTO sqlite_sequence VALUES('expenses',21);
INSERT INTO sqlite_sequence VALUES('budgets',1);
INSERT INTO sqlite_sequence VALUES('payment_mandates',5);
INSERT INTO sqlite_sequence VALUES('tasks',27);
INSERT INTO sqlite_sequence VALUES('offers',5);
INSERT INTO sqlite_sequence VALUES('email_templates',14);
INSERT INTO sqlite_sequence VALUES('whatsapp_templates',6);
INSERT INTO sqlite_sequence VALUES('whatsapp_messages',32);
INSERT INTO sqlite_sequence VALUES('sms_messages',13);
INSERT INTO sqlite_sequence VALUES('notifications',145);
CREATE UNIQUE INDEX "agencies_slug_unique" on "agencies" ("slug");
CREATE UNIQUE INDEX "agencies_custom_domain_unique" on "agencies" ("custom_domain");
CREATE INDEX "users_agency_id_index" on "users" ("agency_id");
CREATE INDEX "users_agency_id_status_index" on "users" ("agency_id", "status");
CREATE UNIQUE INDEX "users_email_unique" on "users" ("email");
CREATE INDEX "sessions_user_id_index" on "sessions" ("user_id");
CREATE INDEX "sessions_last_activity_index" on "sessions" ("last_activity");
CREATE INDEX "cache_expiration_index" on "cache" ("expiration");
CREATE INDEX "cache_locks_expiration_index" on "cache_locks" ("expiration");
CREATE INDEX "jobs_queue_index" on "jobs" ("queue");
CREATE INDEX "failed_jobs_connection_queue_failed_at_index" on "failed_jobs" ("connection", "queue", "failed_at");
CREATE UNIQUE INDEX "failed_jobs_uuid_unique" on "failed_jobs" ("uuid");
CREATE UNIQUE INDEX "permissions_name_guard_name_unique" on "permissions" ("name", "guard_name");
CREATE INDEX "roles_team_foreign_key_index" on "roles" ("agency_id");
CREATE UNIQUE INDEX "roles_agency_id_name_guard_name_unique" on "roles" ("agency_id", "name", "guard_name");
CREATE INDEX "model_has_permissions_model_id_model_type_index" on "model_has_permissions" ("model_id", "model_type");
CREATE INDEX "model_has_permissions_team_foreign_key_index" on "model_has_permissions" ("agency_id");
CREATE INDEX "model_has_roles_model_id_model_type_index" on "model_has_roles" ("model_id", "model_type");
CREATE INDEX "model_has_roles_team_foreign_key_index" on "model_has_roles" ("agency_id");
CREATE INDEX "team_invitations_agency_id_email_index" on "team_invitations" ("agency_id", "email");
CREATE UNIQUE INDEX "team_invitations_token_unique" on "team_invitations" ("token");
CREATE INDEX "notifications_user_id_read_at_created_at_index" on "notifications" ("user_id", "read_at", "created_at");
CREATE INDEX "notifications_agency_id_user_id_index" on "notifications" ("agency_id", "user_id");
CREATE INDEX "ai_usage_logs_agency_id_feature_index" on "ai_usage_logs" ("agency_id", "feature");
CREATE INDEX "ai_usage_logs_agency_id_user_id_index" on "ai_usage_logs" ("agency_id", "user_id");
CREATE UNIQUE INDEX "integration_credentials_agency_id_service_unique" on "integration_credentials" ("agency_id", "service");
CREATE INDEX "contacts_agency_id_type_index" on "contacts" ("agency_id", "type");
CREATE INDEX "contacts_agency_id_assigned_agent_id_index" on "contacts" ("agency_id", "assigned_agent_id");
CREATE INDEX "contacts_agency_id_status_index" on "contacts" ("agency_id", "status");
CREATE INDEX "contacts_phone_index" on "contacts" ("phone");
CREATE INDEX "contacts_email_index" on "contacts" ("email");
CREATE INDEX "lead_sources_agency_id_is_active_index" on "lead_sources" ("agency_id", "is_active");
CREATE UNIQUE INDEX "lead_sources_agency_id_name_unique" on "lead_sources" ("agency_id", "name");
CREATE INDEX "listings_agency_id_status_listing_price_index" on "listings" ("agency_id", "status", "listing_price");
CREATE INDEX "listings_agency_id_agent_id_status_index" on "listings" ("agency_id", "agent_id", "status");
CREATE INDEX "listing_media_listing_id_order_index" on "listing_media" ("listing_id", "order");
CREATE INDEX "listing_media_listing_id_is_cover_index" on "listing_media" ("listing_id", "is_cover");
CREATE UNIQUE INDEX "portals_code_unique" on "portals" ("code");
CREATE UNIQUE INDEX "listing_portal_syncs_listing_id_portal_id_unique" on "listing_portal_syncs" ("listing_id", "portal_id");
CREATE INDEX "listing_portal_syncs_agency_id_status_index" on "listing_portal_syncs" ("agency_id", "status");
CREATE INDEX "chat_sessions_agency_id_user_id_index" on "chat_sessions" ("agency_id", "user_id");
CREATE INDEX "chat_messages_chat_session_id_index" on "chat_messages" ("chat_session_id");
CREATE UNIQUE INDEX "daily_briefs_user_id_date_unique" on "daily_briefs" ("user_id", "date");
CREATE INDEX "daily_briefs_agency_id_user_id_index" on "daily_briefs" ("agency_id", "user_id");
CREATE INDEX "pipeline_stages_agency_id_pipeline_type_index" on "pipeline_stages" ("agency_id", "pipeline_type");
CREATE INDEX "deals_agency_id_pipeline_stage_id_index" on "deals" ("agency_id", "pipeline_stage_id");
CREATE INDEX "deals_agency_id_assigned_agent_id_index" on "deals" ("agency_id", "assigned_agent_id");
CREATE INDEX "campaigns_agency_id_status_index" on "campaigns" ("agency_id", "status");
CREATE INDEX "campaign_contents_campaign_id_index" on "campaign_contents" ("campaign_id");
CREATE INDEX "viewings_agency_id_assigned_agent_id_scheduled_at_index" on "viewings" ("agency_id", "assigned_agent_id", "scheduled_at");
CREATE INDEX "contact_activities_agency_id_type_index" on "contact_activities" ("agency_id", "type");
CREATE INDEX "contact_activities_contact_id_occurred_at_index" on "contact_activities" ("contact_id", "occurred_at");
CREATE INDEX "contact_activities_deal_id_index" on "contact_activities" ("deal_id");
CREATE INDEX "stage_checklist_items_deal_id_pipeline_stage_id_index" on "stage_checklist_items" ("deal_id", "pipeline_stage_id");
CREATE INDEX "follow_up_sequences_agency_id_status_next_action_at_index" on "follow_up_sequences" ("agency_id", "status", "next_action_at");
CREATE INDEX "follow_up_sequences_contact_id_status_index" on "follow_up_sequences" ("contact_id", "status");
CREATE INDEX "follow_up_steps_sequence_id_step_number_index" on "follow_up_steps" ("sequence_id", "step_number");
CREATE INDEX "transactions_agency_id_status_index" on "transactions" ("agency_id", "status");
CREATE INDEX "transactions_deal_id_index" on "transactions" ("deal_id");
CREATE UNIQUE INDEX "transactions_reference_unique" on "transactions" ("reference");
CREATE INDEX "commissions_agency_id_payment_status_index" on "commissions" ("agency_id", "payment_status");
CREATE INDEX "commissions_agent_id_payment_status_index" on "commissions" ("agent_id", "payment_status");
CREATE INDEX "training_modules_agency_id_category_is_published_index" on "training_modules" ("agency_id", "category", "is_published");
CREATE UNIQUE INDEX "training_progress_user_id_module_id_unique" on "training_progress" ("user_id", "module_id");
CREATE INDEX "whatsapp_templates_agency_id_status_index" on "whatsapp_templates" ("agency_id", "status");
CREATE INDEX "whatsapp_messages_agency_id_status_index" on "whatsapp_messages" ("agency_id", "status");
CREATE INDEX "whatsapp_messages_contact_id_index" on "whatsapp_messages" ("contact_id");
CREATE INDEX "meta_ad_campaigns_agency_id_status_index" on "meta_ad_campaigns" ("agency_id", "status");
CREATE INDEX "open_houses_agency_id_starts_at_index" on "open_houses" ("agency_id", "starts_at");
CREATE UNIQUE INDEX "open_houses_rsvp_slug_unique" on "open_houses" ("rsvp_slug");
CREATE INDEX "listing_graphics_listing_id_format_index" on "listing_graphics" ("listing_id", "format");
CREATE INDEX "offers_agency_id_status_index" on "offers" ("agency_id", "status");
CREATE INDEX "offers_deal_id_index" on "offers" ("deal_id");
CREATE INDEX "offers_listing_id_index" on "offers" ("listing_id");
CREATE INDEX "contracts_agency_id_status_index" on "contracts" ("agency_id", "status");
CREATE INDEX "contracts_deal_id_index" on "contracts" ("deal_id");
CREATE INDEX "contracts_transaction_id_index" on "contracts" ("transaction_id");
CREATE UNIQUE INDEX "contracts_reference_unique" on "contracts" ("reference");
CREATE INDEX "tasks_agency_id_status_index" on "tasks" ("agency_id", "status");
CREATE INDEX "tasks_agency_id_assigned_to_index" on "tasks" ("agency_id", "assigned_to");
CREATE INDEX "tasks_deal_id_index" on "tasks" ("deal_id");
CREATE INDEX "tasks_contact_id_index" on "tasks" ("contact_id");
CREATE INDEX "tenants_agency_id_status_index" on "tenants" ("agency_id", "status");
CREATE INDEX "leases_agency_id_status_index" on "leases" ("agency_id", "status");
CREATE INDEX "leases_tenant_id_index" on "leases" ("tenant_id");
CREATE INDEX "leases_listing_id_index" on "leases" ("listing_id");
CREATE UNIQUE INDEX "leases_reference_unique" on "leases" ("reference");
CREATE INDEX "rent_payments_agency_id_status_index" on "rent_payments" ("agency_id", "status");
CREATE INDEX "rent_payments_lease_id_index" on "rent_payments" ("lease_id");
CREATE INDEX "rent_payments_due_date_index" on "rent_payments" ("due_date");
CREATE UNIQUE INDEX "rent_payments_reference_unique" on "rent_payments" ("reference");
CREATE INDEX "inspections_agency_id_status_index" on "inspections" ("agency_id", "status");
CREATE INDEX "inspections_listing_id_index" on "inspections" ("listing_id");
CREATE INDEX "inspections_deal_id_index" on "inspections" ("deal_id");
CREATE INDEX "email_templates_agency_id_category_index" on "email_templates" ("agency_id", "category");
CREATE UNIQUE INDEX "email_templates_slug_unique" on "email_templates" ("slug");
CREATE INDEX "sms_messages_agency_id_direction_index" on "sms_messages" ("agency_id", "direction");
CREATE INDEX "sms_messages_contact_id_index" on "sms_messages" ("contact_id");
CREATE INDEX "lead_routing_rules_agency_id_is_active_index" on "lead_routing_rules" ("agency_id", "is_active");
CREATE INDEX "commission_split_configs_agency_id_is_active_index" on "commission_split_configs" ("agency_id", "is_active");
CREATE INDEX "cma_reports_agency_id_index" on "cma_reports" ("agency_id");
CREATE INDEX "agent_devices_agency_id_user_id_index" on "agent_devices" ("agency_id", "user_id");
CREATE INDEX "agent_devices_push_token_index" on "agent_devices" ("push_token");
CREATE INDEX "call_summaries_call_id_index" on "call_summaries" ("call_id");
CREATE INDEX "call_transcripts_call_id_index" on "call_transcripts" ("call_id");
CREATE INDEX "calls_agency_id_agent_id_index" on "calls" ("agency_id", "agent_id");
CREATE INDEX "calls_agency_id_contact_id_index" on "calls" ("agency_id", "contact_id");
CREATE INDEX "calls_agency_id_status_index" on "calls" ("agency_id", "status");
CREATE INDEX "calls_provider_call_sid_index" on "calls" ("provider_call_sid");
CREATE UNIQUE INDEX "calls_provider_call_sid_unique" on "calls" ("provider_call_sid");
CREATE UNIQUE INDEX "tenants_portal_token_unique" on "tenants" ("portal_token");
CREATE UNIQUE INDEX "listings_pocket_token_unique" on "listings" ("pocket_token");
CREATE INDEX "listings_mls_id_index" on "listings" ("mls_id");
CREATE INDEX "invoices_agency_id_status_index" on "invoices" ("agency_id", "status");
CREATE INDEX "invoices_agency_id_period_year_period_month_index" on "invoices" ("agency_id", "period_year", "period_month");
CREATE INDEX "invoices_lease_id_period_year_period_month_index" on "invoices" ("lease_id", "period_year", "period_month");
CREATE INDEX "invoices_due_date_index" on "invoices" ("due_date");
CREATE UNIQUE INDEX "invoices_reference_unique" on "invoices" ("reference");
CREATE INDEX "invoice_line_items_invoice_id_index" on "invoice_line_items" ("invoice_id");
CREATE INDEX "expenses_agency_id_status_index" on "expenses" ("agency_id", "status");
CREATE INDEX "expenses_agency_id_period_year_period_month_index" on "expenses" ("agency_id", "period_year", "period_month");
CREATE INDEX "expenses_agency_id_category_index" on "expenses" ("agency_id", "category");
CREATE UNIQUE INDEX "expenses_reference_unique" on "expenses" ("reference");
CREATE INDEX "budgets_agency_id_year_index" on "budgets" ("agency_id", "year");
CREATE INDEX "tax_configs_agency_id_is_active_index" on "tax_configs" ("agency_id", "is_active");
CREATE INDEX "payment_mandates_agency_id_status_index" on "payment_mandates" ("agency_id", "status");
CREATE INDEX "payment_mandates_lease_id_index" on "payment_mandates" ("lease_id");
CREATE INDEX "compliance_documents_agency_id_category_index" on "compliance_documents" ("agency_id", "category");
CREATE INDEX "compliance_documents_agency_id_expiry_date_index" on "compliance_documents" ("agency_id", "expiry_date");
CREATE INDEX "compliance_documents_agency_id_is_fica_required_index" on "compliance_documents" ("agency_id", "is_fica_required");
CREATE INDEX "compliance_documents_transaction_id_status_index" on "compliance_documents" ("transaction_id", "status");
CREATE INDEX "compliance_reminders_related_type_related_id_index" on "compliance_reminders" ("related_type", "related_id");
CREATE INDEX "compliance_reminders_agency_id_status_index" on "compliance_reminders" ("agency_id", "status");
CREATE INDEX "compliance_reminders_agency_id_due_date_index" on "compliance_reminders" ("agency_id", "due_date");
CREATE INDEX "api_keys_agency_id_index" on "api_keys" ("agency_id");
CREATE UNIQUE INDEX "api_keys_token_unique" on "api_keys" ("token");
CREATE INDEX "webhook_subscriptions_agency_id_index" on "webhook_subscriptions" ("agency_id");
CREATE INDEX "email_accounts_agency_id_is_active_index" on "email_accounts" ("agency_id", "is_active");
CREATE INDEX "email_accounts_user_id_is_active_index" on "email_accounts" ("user_id", "is_active");
CREATE INDEX "email_threads_agency_id_is_archived_last_message_at_index" on "email_threads" ("agency_id", "is_archived", "last_message_at");
CREATE INDEX "email_threads_contact_id_index" on "email_threads" ("contact_id");
CREATE INDEX "email_threads_assigned_to_index" on "email_threads" ("assigned_to");
CREATE INDEX "email_threads_email_account_id_index" on "email_threads" ("email_account_id");
CREATE INDEX "email_logs_agency_id_status_index" on "email_logs" ("agency_id", "status");
CREATE INDEX "email_logs_contact_id_index" on "email_logs" ("contact_id");
CREATE INDEX "email_logs_agency_id_direction_index" on "email_logs" ("agency_id", "direction");
CREATE INDEX "email_logs_thread_id_index" on "email_logs" ("thread_id");
CREATE INDEX "email_logs_email_account_id_index" on "email_logs" ("email_account_id");
CREATE INDEX "paystack_transactions_agency_id_type_index" on "paystack_transactions" ("agency_id", "type");
CREATE INDEX "paystack_transactions_agency_id_status_index" on "paystack_transactions" ("agency_id", "status");
CREATE UNIQUE INDEX "paystack_transactions_reference_unique" on "paystack_transactions" ("reference");
CREATE INDEX "personal_access_tokens_tokenable_type_tokenable_id_index" on "personal_access_tokens" ("tokenable_type", "tokenable_id");
CREATE UNIQUE INDEX "personal_access_tokens_token_unique" on "personal_access_tokens" ("token");
CREATE INDEX "personal_access_tokens_expires_at_index" on "personal_access_tokens" ("expires_at");
CREATE UNIQUE INDEX "agent_numbers_agency_id_twilio_number_unique" on "agent_numbers" ("agency_id", "twilio_number");
CREATE INDEX "agent_numbers_agency_id_user_id_index" on "agent_numbers" ("agency_id", "user_id");
CREATE UNIQUE INDEX "agent_numbers_agency_id_display_number_unique" on "agent_numbers" ("agency_id", "display_number");
CREATE INDEX "calls_livekit_room_name_index" on "calls" ("livekit_room_name");
CREATE UNIQUE INDEX "quit_notices_reference_unique" on "quit_notices" ("reference");
ROLLBACK; -- due to errors
